original_record_num,record_index,database_name,long_database_name,pmids,found_urls,url_source,match_quality,notes
10,2,,exe-muscle,35886662,NOT_FOUND,not_available,,No URLs found in abstracts
20,6,,scswinformer,39101690,NOT_FOUND,not_available,,No URLs found in abstracts
29,10,,national injury resource database,38102040,NOT_FOUND,not_available,,No URLs found in abstracts
50,17,,mixoplankton database,36847544,NOT_FOUND,not_available,,No URLs found in abstracts
59,20,,o-glcnac database,39379619,NOT_FOUND,not_available,,No URLs found in abstracts
60,21,mace,,35576088,NOT_FOUND,not_available,,No URLs found in abstracts
63,23,,digital-scrrbs,37616549,NOT_FOUND,not_available,,No URLs found in abstracts
69,27,sco-ph,,40519058,NOT_FOUND,not_available,,No URLs found in abstracts
94,37,,yeast optogenetic toolkit,39724341,NOT_FOUND,not_available,,No URLs found in abstracts
113,43,,croplife europe crop development database,38054369,NOT_FOUND,not_available,,No URLs found in abstracts
120,45,,molecules gateway,39455415,NOT_FOUND,not_available,,No URLs found in abstracts
131,49,kemet,,35422973,NOT_FOUND,not_available,,No URLs found in abstracts
137,52,,simpitb,37331497,NOT_FOUND,not_available,,No URLs found in abstracts
151,58,,codlncscape,38602457,NOT_FOUND,not_available,,No URLs found in abstracts
157,60,,autogrow4,40299468,NOT_FOUND,not_available,,No URLs found in abstracts
158,61,,sadphos library,40259822,NOT_FOUND,not_available,,No URLs found in abstracts
159,62,,kinase-focused interaction database,36447388,NOT_FOUND,not_available,,No URLs found in abstracts
166,66,,vitro kinase-to-phosphosite database,35608653,NOT_FOUND,not_available,,No URLs found in abstracts
176,68,,animal parasitic diseases and drugs database,38000324,NOT_FOUND,not_available,,No URLs found in abstracts
193,71,,plant rdna database,37646950,NOT_FOUND,not_available,,No URLs found in abstracts
198,72,,chip-hub,37682478,NOT_FOUND,not_available,,No URLs found in abstracts
203,74,,zchsound,38194403,NOT_FOUND,not_available,,No URLs found in abstracts
210,78,en-tex,,37001506,NOT_FOUND,not_available,,No URLs found in abstracts
212,79,repair,,34997301,NOT_FOUND,not_available,,No URLs found in abstracts
230,85,octa,,36171524,NOT_FOUND,not_available,,No URLs found in abstracts
249,88,green,,34844546,NOT_FOUND,not_available,,No URLs found in abstracts
250,89,tf2tg,,40314147,NOT_FOUND,not_available,,No URLs found in abstracts
251,90,,phor-in-one,36344773,NOT_FOUND,not_available,,No URLs found in abstracts
254,92,,mfishbt,38010728,NOT_FOUND,not_available,,No URLs found in abstracts
256,93,,gashissdb,35016101,NOT_FOUND,not_available,,No URLs found in abstracts
257,94,pazy,,35175626,NOT_FOUND,not_available,,No URLs found in abstracts
273,100,,water rights,38844775,NOT_FOUND,not_available,,No URLs found in abstracts
278,102,pshg-tiss,,35780180,NOT_FOUND,not_available,,No URLs found in abstracts
280,103,h,,40209438,NOT_FOUND,not_available,,No URLs found in abstracts
281,104,brainoer,,39355665,NOT_FOUND,not_available,,No URLs found in abstracts
288,106,pip,,35617526,NOT_FOUND,not_available,,No URLs found in abstracts
290,108,refine,,40536267,NOT_FOUND,not_available,,No URLs found in abstracts
305,113,,omicsdk,37203577,NOT_FOUND,not_available,,No URLs found in abstracts
308,114,topas,,36930985,NOT_FOUND,not_available,,No URLs found in abstracts
311,115,i-tasser-mtd,,35931779,NOT_FOUND,not_available,,No URLs found in abstracts
321,119,rvdb,,40548747,NOT_FOUND,not_available,,No URLs found in abstracts
322,120,pkad-r,,41098352,NOT_FOUND,not_available,,No URLs found in abstracts
339,126,,shennong,36750521,NOT_FOUND,not_available,,No URLs found in abstracts
344,127,16ostm10,,35815793,NOT_FOUND,not_available,,No URLs found in abstracts
347,129,a-soid,,38383746,NOT_FOUND,not_available,,No URLs found in abstracts
349,130,,chipola,40341999,NOT_FOUND,not_available,,No URLs found in abstracts
351,131,,lead-tutor,40963881,NOT_FOUND,not_available,,No URLs found in abstracts
356,133,,melastomatraits,38629131,NOT_FOUND,not_available,,No URLs found in abstracts
357,134,derlex,,39658751,NOT_FOUND,not_available,,No URLs found in abstracts
360,136,gs-tcga,,38436570,NOT_FOUND,not_available,,No URLs found in abstracts
363,138,,searchsmart.org,39128887,NOT_FOUND,not_available,,No URLs found in abstracts
365,139,,uavs-ffdb,39076831,NOT_FOUND,not_available,,No URLs found in abstracts
367,141,anfisa,,35998814,NOT_FOUND,not_available,,No URLs found in abstracts
372,142,,lenscat,40205863,NOT_FOUND,not_available,,No URLs found in abstracts
381,145,,lung cancer autochthonous model gene expression database,40298430,NOT_FOUND,not_available,,No URLs found in abstracts
385,147,r-bind,,35594415,NOT_FOUND,not_available,,No URLs found in abstracts
402,149,,glaucoma-trel,36401306,NOT_FOUND,not_available,,No URLs found in abstracts
410,151,nsides,,40179876,NOT_FOUND,not_available,,No URLs found in abstracts
432,159,miggri,,37939200,NOT_FOUND,not_available,,No URLs found in abstracts
441,160,,flyatlas 2,34718735,NOT_FOUND,not_available,,No URLs found in abstracts
447,163,quam-afm,,35234034,NOT_FOUND,not_available,,No URLs found in abstracts
469,170,,congenital heart surgery database,38522772,NOT_FOUND,not_available,,No URLs found in abstracts
477,171,,hydrocarbon aerobic degradation enzymes and genes,37778093,NOT_FOUND,not_available,,No URLs found in abstracts
482,173,,outbreak.info,36823331,NOT_FOUND,not_available,,No URLs found in abstracts
484,175,calerie,,39672986,NOT_FOUND,not_available,,No URLs found in abstracts
511,179,rtk,,38869148,NOT_FOUND,not_available,,No URLs found in abstracts
517,182,,allosteric database,35131258,NOT_FOUND,not_available,,No URLs found in abstracts
528,186,unifan,,36036832,NOT_FOUND,not_available,,No URLs found in abstracts
532,187,,brain-wide neuron quantification toolkit,37516963,NOT_FOUND,not_available,,No URLs found in abstracts
547,193,,arrest/interrogate,35622342,NOT_FOUND,not_available,,No URLs found in abstracts
548,194,,unicarb-db,38995537,NOT_FOUND,not_available,,No URLs found in abstracts
549,195,,tbtools,37740491,NOT_FOUND,not_available,,No URLs found in abstracts
561,197,,hierarchical time-indexed database,36085868,NOT_FOUND,not_available,,No URLs found in abstracts
562,198,pcas,,38928396,NOT_FOUND,not_available,,No URLs found in abstracts
565,199,ncmd,,39288643,NOT_FOUND,not_available,,No URLs found in abstracts
568,201,galaxy,,34871369,NOT_FOUND,not_available,,No URLs found in abstracts
577,203,endae,,37224727,NOT_FOUND,not_available,,No URLs found in abstracts
580,204,,tapioca,38361019,NOT_FOUND,not_available,,No URLs found in abstracts
592,206,,international spinal cord injury biobank,35761793,NOT_FOUND,not_available,,No URLs found in abstracts
594,208,titan-x,,40239308,NOT_FOUND,not_available,,No URLs found in abstracts
602,210,,food disaggregation database,39208229,NOT_FOUND,not_available,,No URLs found in abstracts
629,215,,tastepeptides-meta,36423555,NOT_FOUND,not_available,,No URLs found in abstracts
652,222,,rna-puzzles,36705910,NOT_FOUND,not_available,,No URLs found in abstracts
664,228,,pm-profiler,38912828,NOT_FOUND,not_available,,No URLs found in abstracts
675,232,,cervical spine x-ray atlas,38871800,NOT_FOUND,not_available,,No URLs found in abstracts
680,233,forage,,35362561,NOT_FOUND,not_available,,No URLs found in abstracts
683,234,mcr,,37285215,NOT_FOUND,not_available,,No URLs found in abstracts
692,235,,rare disease cures accelerator-data,35668316,NOT_FOUND,not_available,,No URLs found in abstracts
707,238,,eco-isea3h,36750720,NOT_FOUND,not_available,,No URLs found in abstracts
721,244,prohap,,39653819,NOT_FOUND,not_available,,No URLs found in abstracts
724,246,,synergistic activation platform,38828769,NOT_FOUND,not_available,,No URLs found in abstracts
735,248,blv,,36927193,NOT_FOUND,not_available,,No URLs found in abstracts
745,251,,pharmacogenomics clinical annotation tool,36350094,NOT_FOUND,not_available,,No URLs found in abstracts
768,256,,dimspec,38704738,NOT_FOUND,not_available,,No URLs found in abstracts
777,258,,of guidance for health scientists,36787138,NOT_FOUND,not_available,,No URLs found in abstracts
793,265,,isoasp-quest,39441692,NOT_FOUND,not_available,,No URLs found in abstracts
794,266,,rapid-glue,37390512,NOT_FOUND,not_available,,No URLs found in abstracts
807,271,,cure-pros,38554135,NOT_FOUND,not_available,,No URLs found in abstracts
812,273,,knockin translating ribosome immunoprecipitation,37056370,NOT_FOUND,not_available,,No URLs found in abstracts
826,276,mylo,,35708612,NOT_FOUND,not_available,,No URLs found in abstracts
827,277,,merging chemicals database for national awareness,37756201,NOT_FOUND,not_available,,No URLs found in abstracts
840,281,,hypospadias biobank cohort,40075808,NOT_FOUND,not_available,,No URLs found in abstracts
852,288,,exprsweb,36152628,NOT_FOUND,not_available,,No URLs found in abstracts
853,289,search,,38270339,NOT_FOUND,not_available,,No URLs found in abstracts
857,290,enia,,38040041,NOT_FOUND,not_available,,No URLs found in abstracts
868,293,,repromsig,37529934,NOT_FOUND,not_available,,No URLs found in abstracts
869,294,pemdb,,35638426,NOT_FOUND,not_available,,No URLs found in abstracts
878,297,rcsb,,34864908,NOT_FOUND,not_available,,No URLs found in abstracts
883,299,,cellphepy,40275641,NOT_FOUND,not_available,,No URLs found in abstracts
902,305,,inorganic crystal structure prototype database,35732014,NOT_FOUND,not_available,,No URLs found in abstracts
906,307,,seq-well,36495445,NOT_FOUND,not_available,,No URLs found in abstracts
908,308,,tropiroot 1.0,40386950,NOT_FOUND,not_available,,No URLs found in abstracts
910,309,,amazon biobank,36964864,NOT_FOUND,not_available,,No URLs found in abstracts
917,312,dock-pet,,38814564,NOT_FOUND,not_available,,No URLs found in abstracts
922,314,vroa36,,35512708,NOT_FOUND,not_available,,No URLs found in abstracts
925,315,,fluidigm c1,35737246,NOT_FOUND,not_available,,No URLs found in abstracts
929,317,,soysnp618k,34914170,NOT_FOUND,not_available,,No URLs found in abstracts
936,321,ws22,,36792601,NOT_FOUND,not_available,,No URLs found in abstracts
946,324,,rcsb-api,39894387,NOT_FOUND,not_available,,No URLs found in abstracts
977,333,rock,,36053857,NOT_FOUND,not_available,,No URLs found in abstracts
991,337,spark,,40472336,NOT_FOUND,not_available,,No URLs found in abstracts
994,338,yeast,,37078622,NOT_FOUND,not_available,,No URLs found in abstracts
995,339,,phenotypic plasticity platform,34837217,NOT_FOUND,not_available,,No URLs found in abstracts
1002,344,,radx-up,40718923,NOT_FOUND,not_available,,No URLs found in abstracts
1003,345,fppi,,39003916,NOT_FOUND,not_available,,No URLs found in abstracts
1006,347,,database of essential genes,38868518,NOT_FOUND,not_available,,No URLs found in abstracts
1009,349,,fair-fish,38924085,NOT_FOUND,not_available,,No URLs found in abstracts
1013,351,,swissgenvar</i,38929869,NOT_FOUND,not_available,,No URLs found in abstracts
1014,352,,lungmap,36413377,NOT_FOUND,not_available,,No URLs found in abstracts
1017,353,,sequence alignment to predict,36847398,NOT_FOUND,not_available,,No URLs found in abstracts
1028,356,,phylobook,38700279,NOT_FOUND,not_available,,No URLs found in abstracts
1047,362,,itrogen fixation database,38846350,NOT_FOUND,not_available,,No URLs found in abstracts
1058,365,ipd-imgt,,38936817,NOT_FOUND,not_available,,No URLs found in abstracts
1062,366,,entralized interactive phenomics resource,36882092,NOT_FOUND,not_available,,No URLs found in abstracts
1063,367,,logistics information traceability model,38768124,NOT_FOUND,not_available,,No URLs found in abstracts
1065,368,,papertronics,36926800,NOT_FOUND,not_available,,No URLs found in abstracts
1069,369,,eulat ecollect,39450797,NOT_FOUND,not_available,,No URLs found in abstracts
1073,371,,research data repository,37646933,NOT_FOUND,not_available,,No URLs found in abstracts
1087,377,it,,38442048,NOT_FOUND,not_available,,No URLs found in abstracts
1088,378,anvar,,39382066,NOT_FOUND,not_available,,No URLs found in abstracts
1097,382,,tumor atlas network,40164800,NOT_FOUND,not_available,,No URLs found in abstracts
1118,394,,cloud platform for,38108505,NOT_FOUND,not_available,,No URLs found in abstracts
1119,395,,paediatric respiratory sound database,36070274,NOT_FOUND,not_available,,No URLs found in abstracts
1128,399,,brain atlas,40607320,NOT_FOUND,not_available,,No URLs found in abstracts
1131,400,,genome resource,39793579,NOT_FOUND,not_available,,No URLs found in abstracts
1134,401,,librarians,39119158,NOT_FOUND,not_available,,No URLs found in abstracts
1142,406,eq,,38937428,NOT_FOUND,not_available,,No URLs found in abstracts
1143,407,,data commons,37832430,NOT_FOUND,not_available,,No URLs found in abstracts
1149,409,chima,,37018393,NOT_FOUND,not_available,,No URLs found in abstracts
1151,411,,min sketch,35049334,NOT_FOUND,not_available,,No URLs found in abstracts
1153,412,,regulatory network resource,39964163,NOT_FOUND,not_available,,No URLs found in abstracts
1154,413,aenet,,40990037,NOT_FOUND,not_available,,No URLs found in abstracts
1168,416,,pancreatic cancer action network,38166233,NOT_FOUND,not_available,,No URLs found in abstracts
1174,419,net,,36549193,NOT_FOUND,not_available,,No URLs found in abstracts
1189,423,,olmod</i,37947503,NOT_FOUND,not_available,,No URLs found in abstracts
1190,424,,lifechamps,35673179,NOT_FOUND,not_available,,No URLs found in abstracts
1191,425,kidney,,35675394,NOT_FOUND,not_available,,No URLs found in abstracts
1197,429,,optical genome mapping,38913305,NOT_FOUND,not_available,,No URLs found in abstracts
1204,432,,spatiotemporal transcriptomic,35512705,NOT_FOUND,not_available,,No URLs found in abstracts
1215,435,e,,35560102,NOT_FOUND,not_available,,No URLs found in abstracts
1224,437,,chloroplast,39805772,NOT_FOUND,not_available,,No URLs found in abstracts
1225,438,,furfural,39596077,NOT_FOUND,not_available,,No URLs found in abstracts
1226,439,,ripen banana,40496751,NOT_FOUND,not_available,,No URLs found in abstracts
1230,441,cards,,37755132,NOT_FOUND,not_available,,No URLs found in abstracts
1249,451,,plant community with,36494323,NOT_FOUND,not_available,,No URLs found in abstracts
1255,454,moving,,36416193,NOT_FOUND,not_available,,No URLs found in abstracts
1257,455,delfos,,38498764,NOT_FOUND,not_available,,No URLs found in abstracts
1258,456,,real world,39850579,NOT_FOUND,not_available,,No URLs found in abstracts
1262,458,,proteolysis targeting chimera,35397401,NOT_FOUND,not_available,,No URLs found in abstracts
1264,459,,gastric cancer multiplex immunohistochemistry,37343324,NOT_FOUND,not_available,,No URLs found in abstracts
1274,465,marim,,39970812,NOT_FOUND,not_available,,No URLs found in abstracts
1277,466,indel,,37457340,NOT_FOUND,not_available,,No URLs found in abstracts
1282,467,,and computation toolbox for,39716522,NOT_FOUND,not_available,,No URLs found in abstracts
1284,468,obocap,,39383500,NOT_FOUND,not_available,,No URLs found in abstracts
1286,470,,embrane mixer,35104125,NOT_FOUND,not_available,,No URLs found in abstracts
1289,472,,pgtailor,37055538,NOT_FOUND,not_available,,No URLs found in abstracts
1290,473,,genome browser,35088925,NOT_FOUND,not_available,,No URLs found in abstracts
1292,474,3d,,38624007,NOT_FOUND,not_available,,No URLs found in abstracts
1295,475,,resource allocation for integrated space,35957333,NOT_FOUND,not_available,,No URLs found in abstracts
1301,477,kids,,37788089,NOT_FOUND,not_available,,No URLs found in abstracts
1303,478,,genecarna,38927512,NOT_FOUND,not_available,,No URLs found in abstracts
1304,479,anzup,,36352543,NOT_FOUND,not_available,,No URLs found in abstracts
1315,485,,videos of physical exercise and sedentary behaviours,38898737,NOT_FOUND,not_available,,No URLs found in abstracts
1326,491,akr,,38878851,NOT_FOUND,not_available,,No URLs found in abstracts
1333,497,dphy,,35900347,NOT_FOUND,not_available,,No URLs found in abstracts
1351,506,crux,,36598107,NOT_FOUND,not_available,,No URLs found in abstracts
1362,512,old,,38683334,NOT_FOUND,not_available,,No URLs found in abstracts
1363,513,,dataset fine,40102511,NOT_FOUND,not_available,,No URLs found in abstracts
1367,515,summit,,38129112,NOT_FOUND,not_available,,No URLs found in abstracts
1371,516,,microorganism,35308350,NOT_FOUND,not_available,,No URLs found in abstracts
1375,517,,kinetics using,39621686,NOT_FOUND,not_available,,No URLs found in abstracts
1376,518,asp,,40269329,NOT_FOUND,not_available,,No URLs found in abstracts
1384,522,,optimal growth temperature,38437173,NOT_FOUND,not_available,,No URLs found in abstracts
1385,523,vhl,,37459490,NOT_FOUND,not_available,,No URLs found in abstracts
1387,525,risc,,40513293,NOT_FOUND,not_available,,No URLs found in abstracts
1391,528,,cyclone,38862524,NOT_FOUND,not_available,,No URLs found in abstracts
1396,531,,data repository,38843904,NOT_FOUND,not_available,,No URLs found in abstracts
1403,535,lesion,,36535208,NOT_FOUND,not_available,,No URLs found in abstracts
1408,539,,child knowledgebase,35854751,NOT_FOUND,not_available,,No URLs found in abstracts
1409,540,,seer-medicare,39373617,NOT_FOUND,not_available,,No URLs found in abstracts
1413,544,,repository,39922312,NOT_FOUND,not_available,,No URLs found in abstracts
1417,546,,biological databases,38808697,NOT_FOUND,not_available,,No URLs found in abstracts
1419,548,all-i,,35179286,NOT_FOUND,not_available,,No URLs found in abstracts
1420,549,,intracranial aneurysm,35928124,NOT_FOUND,not_available,,No URLs found in abstracts
1423,551,,bioportal,40380393,NOT_FOUND,not_available,,No URLs found in abstracts
1427,553,,flashlab@pitz,36463582,NOT_FOUND,not_available,,No URLs found in abstracts
1428,554,,membrane,38593404,NOT_FOUND,not_available,,No URLs found in abstracts
1429,555,,carbon emission factor database,37558914,NOT_FOUND,not_available,,No URLs found in abstracts
1436,560,,get with the guidelines,39171403,NOT_FOUND,not_available,,No URLs found in abstracts
1451,568,rcx,,37203586,NOT_FOUND,not_available,,No URLs found in abstracts
1454,570,,spectral database,39033920,NOT_FOUND,not_available,,No URLs found in abstracts
1457,572,,interactions,36776141,NOT_FOUND,not_available,,No URLs found in abstracts
1458,573,dna,,35390717,NOT_FOUND,not_available,,No URLs found in abstracts
1459,574,maize,,36755109,NOT_FOUND,not_available,,No URLs found in abstracts
1462,575,on,,38842342,NOT_FOUND,not_available,,No URLs found in abstracts
1464,576,i2b2,,35612078,NOT_FOUND,not_available,,No URLs found in abstracts
1470,579,c,,38763400,NOT_FOUND,not_available,,No URLs found in abstracts
1472,581,,face database,35297015,NOT_FOUND,not_available,,No URLs found in abstracts
1474,583,,patrimony,37717933,NOT_FOUND,not_available,,No URLs found in abstracts
1479,586,,annotation,34648021,NOT_FOUND,not_available,,No URLs found in abstracts
1485,590,tdk,,40545606,NOT_FOUND,not_available,,No URLs found in abstracts
1486,591,,dendritic cell,36427009,NOT_FOUND,not_available,,No URLs found in abstracts
1487,592,,molecule,35042960,NOT_FOUND,not_available,,No URLs found in abstracts
1491,595,,dental database,34606466,NOT_FOUND,not_available,,No URLs found in abstracts
1492,596,awake,,38083163,NOT_FOUND,not_available,,No URLs found in abstracts
1494,598,ource,,40514586,NOT_FOUND,not_available,,No URLs found in abstracts
1502,601,and,,38819572,NOT_FOUND,not_available,,No URLs found in abstracts
1514,605,,naturalistic scenes,39753746,NOT_FOUND,not_available,,No URLs found in abstracts
1516,606,,interaction,37450167,NOT_FOUND,not_available,,No URLs found in abstracts
1517,607,μmap,,40563233,NOT_FOUND,not_available,,No URLs found in abstracts
1525,611,pen,,40516374,NOT_FOUND,not_available,,No URLs found in abstracts
1531,616,binary,,39159043,NOT_FOUND,not_available,,No URLs found in abstracts
1532,617,real,,36365786,NOT_FOUND,not_available,,No URLs found in abstracts
1534,618,,metabolic,39947184,NOT_FOUND,not_available,,No URLs found in abstracts
1585,628,,hiv pharmacology data repository,40354181,NOT_FOUND,not_available,,No URLs found in abstracts
1599,631,,coastal carbon library and atlas,38273507,NOT_FOUND,not_available,,No URLs found in abstracts
1613,634,pkad-2 | pkad,,37520074,NOT_FOUND,not_available,,No URLs found in abstracts
1630,636,compas,,35881922,NOT_FOUND,not_available,,No URLs found in abstracts
1631,637,trendi,c-trendi,37929927,NOT_FOUND,not_available,,No URLs found in abstracts
1678,639,david,,35325185,NOT_FOUND,not_available,,No URLs found in abstracts
1713,643,,prestocell,38422108,NOT_FOUND,not_available,,No URLs found in abstracts
1730,646,mother-db | mother,,38995706,NOT_FOUND,not_available,,No URLs found in abstracts
1747,649,,scliverdb,37259264,NOT_FOUND,not_available,,No URLs found in abstracts
1752,650,voc-ado,,40175669,NOT_FOUND,not_available,,No URLs found in abstracts
1797,658,,neofrugivory,40028774,NOT_FOUND,not_available,,No URLs found in abstracts
1798,659,,covprot,38193774,NOT_FOUND,not_available,,No URLs found in abstracts
1835,667,bitacora,,38030339,NOT_FOUND,not_available,,No URLs found in abstracts
1836,668,,superdecode,40045573,NOT_FOUND,not_available,,No URLs found in abstracts
1852,675,mosaec-db | mosaec,,39898310,NOT_FOUND,not_available,,No URLs found in abstracts
1871,679,,non-16/18,36965899,NOT_FOUND,not_available,,No URLs found in abstracts
1889,680,,curated cancer cell atlas,40341230,NOT_FOUND,not_available,,No URLs found in abstracts
1946,691,,tbibank,36639093,NOT_FOUND,not_available,,No URLs found in abstracts
1952,692,,laboratory automation protocol,37982688,NOT_FOUND,not_available,,No URLs found in abstracts
1956,693,,multitax | multitax-human,39817732,NOT_FOUND,not_available,,No URLs found in abstracts
1966,695,tmd,,38310531,NOT_FOUND,not_available,,No URLs found in abstracts
1979,696,geofor,,38277912,NOT_FOUND,not_available,,No URLs found in abstracts
1980,697,,gastric cancer registry,35771165,NOT_FOUND,not_available,,No URLs found in abstracts
1998,699,,gtdrift,38867915,NOT_FOUND,not_available,,No URLs found in abstracts
1999,700,,vivovec,36918221,NOT_FOUND,not_available,,No URLs found in abstracts
2008,703,cancol,,35181636,NOT_FOUND,not_available,,No URLs found in abstracts
2059,712,,national sleep research resource,38688470,NOT_FOUND,not_available,,No URLs found in abstracts
2100,717,cge | etec,virulencefinder,38656142,NOT_FOUND,not_available,,No URLs found in abstracts
2121,720,,ukbiobank,39704901,NOT_FOUND,not_available,,No URLs found in abstracts
2124,721,feats,,38148439,NOT_FOUND,not_available,,No URLs found in abstracts
2136,724,allin,,39737797,NOT_FOUND,not_available,,No URLs found in abstracts
2147,726,,pharmacogenomics,40180241,NOT_FOUND,not_available,,No URLs found in abstracts
2167,727,,peekbank,36002623,NOT_FOUND,not_available,,No URLs found in abstracts
2182,730,msight | msi,,40197022,NOT_FOUND,not_available,,No URLs found in abstracts
2187,732,,chicago face database,35396615,NOT_FOUND,not_available,,No URLs found in abstracts
2203,735,,croppol,34921678,NOT_FOUND,not_available,,No URLs found in abstracts
2205,736,,serumcovid,35298515,NOT_FOUND,not_available,,No URLs found in abstracts
2208,737,,mprabase,40262894,NOT_FOUND,not_available,,No URLs found in abstracts
2220,741,proceed,phenotypic rates of change evolutionary and ecological database,40033715,NOT_FOUND,not_available,,No URLs found in abstracts
2233,744,,adrenaline,35331624,NOT_FOUND,not_available,,No URLs found in abstracts
2234,745,intuition,,37363274,NOT_FOUND,not_available,,No URLs found in abstracts
2238,747,spirit,,40476263,NOT_FOUND,not_available,,No URLs found in abstracts
2257,753,,ribogrove,35217168,NOT_FOUND,not_available,,No URLs found in abstracts
2277,756,iaslc,,36773775,NOT_FOUND,not_available,,No URLs found in abstracts
2297,759,,gramene,35037202,NOT_FOUND,not_available,,No URLs found in abstracts
2310,764,batfly,,38281377,NOT_FOUND,not_available,,No URLs found in abstracts
2322,767,,musargene,35971335,NOT_FOUND,not_available,,No URLs found in abstracts
2326,768,,cardiotocographic,36086045,NOT_FOUND,not_available,,No URLs found in abstracts
2343,771,tote,,38724027,NOT_FOUND,not_available,,No URLs found in abstracts
2350,772,,healthcarelca,36495883,NOT_FOUND,not_available,,No URLs found in abstracts
2385,778,,invitrospi,36627305,NOT_FOUND,not_available,,No URLs found in abstracts
2418,786,chempu,,35857541,NOT_FOUND,not_available,,No URLs found in abstracts
2429,787,,transition database for rare diseases,38855877,NOT_FOUND,not_available,,No URLs found in abstracts
2438,791,,croatian psycholinguistic database,40281369,NOT_FOUND,not_available,,No URLs found in abstracts
2453,792,snomed ct,,35612084,NOT_FOUND,not_available,,No URLs found in abstracts
2465,793,recom,,37463622,NOT_FOUND,not_available,,No URLs found in abstracts
2471,794,acmg,multiple endocrine neoplasia type 2,36251279,NOT_FOUND,not_available,,No URLs found in abstracts
2496,801,eccd,,40822707,NOT_FOUND,not_available,,No URLs found in abstracts
2534,806,,reactions,38660610,NOT_FOUND,not_available,,No URLs found in abstracts
2595,812,doxs,foodoxs,38726678,NOT_FOUND,not_available,,No URLs found in abstracts
2601,813,rebase,,36318248,NOT_FOUND,not_available,,No URLs found in abstracts
2633,818,,freshomics,35941762,NOT_FOUND,not_available,,No URLs found in abstracts
2642,823,fat-ptm,,35696079,NOT_FOUND,not_available,,No URLs found in abstracts
2644,824,h4h,,37350907,NOT_FOUND,not_available,,No URLs found in abstracts
2661,826,v2v,recipient epidemiology and donor evaluation study-iv-pediatric,37596918,NOT_FOUND,not_available,,No URLs found in abstracts
2670,828,,pytheasdb,39628627,NOT_FOUND,not_available,,No URLs found in abstracts
2675,829,,intenzydb,36286319,NOT_FOUND,not_available,,No URLs found in abstracts
2678,830,cnc,,40677252,NOT_FOUND,not_available,,No URLs found in abstracts
2728,838,,aging fly cell atlas,37319212,NOT_FOUND,not_available,,No URLs found in abstracts
2734,839,,plant dna c-values database,37646941,NOT_FOUND,not_available,,No URLs found in abstracts
2736,841,county,class vi database,40546922,NOT_FOUND,not_available,,No URLs found in abstracts
2747,845,hsv,,36123328,NOT_FOUND,not_available,,No URLs found in abstracts
2761,847,,searchrxiv,38237024,NOT_FOUND,not_available,,No URLs found in abstracts
2767,850,bpchar,,40367044,NOT_FOUND,not_available,,No URLs found in abstracts
2791,855,,xenopus,38614285,NOT_FOUND,not_available,,No URLs found in abstracts
2796,856,,plantpan,40219973,NOT_FOUND,not_available,,No URLs found in abstracts
2838,861,,csviewer,40023767,NOT_FOUND,not_available,,No URLs found in abstracts
2856,864,,fishget,37091248,NOT_FOUND,not_available,,No URLs found in abstracts
2884,868,mhbase,microhaplotype,38795552,NOT_FOUND,not_available,,No URLs found in abstracts
2891,870,,mediatorweb | protein-protein interaction,38975839,NOT_FOUND,not_available,,No URLs found in abstracts
2921,876,,motifquest,39058243,NOT_FOUND,not_available,,No URLs found in abstracts
2932,877,mirella,,36912077,NOT_FOUND,not_available,,No URLs found in abstracts
2937,878,excesp,,34978816,NOT_FOUND,not_available,,No URLs found in abstracts
2950,881,,synonim,39009439,NOT_FOUND,not_available,,No URLs found in abstracts
2951,882,,icu cockpit,35552418,NOT_FOUND,not_available,,No URLs found in abstracts
2987,889,lattice,,37846545,NOT_FOUND,not_available,,No URLs found in abstracts
2993,892,,multilingual picture,35864133,NOT_FOUND,not_available,,No URLs found in abstracts
3040,898,iexa,,40173613,NOT_FOUND,not_available,,No URLs found in abstracts
3042,899,,mini-bioreactor,37093469,NOT_FOUND,not_available,,No URLs found in abstracts
3044,900,,awcluster,33226952,NOT_FOUND,not_available,,No URLs found in abstracts
3047,902,smart,,40485116,NOT_FOUND,not_available,,No URLs found in abstracts
3048,903,steer,,40567045,NOT_FOUND,not_available,,No URLs found in abstracts
3057,910,carob,,38732403,NOT_FOUND,not_available,,No URLs found in abstracts
3064,917,,iprobiotics,34849572,NOT_FOUND,not_available,,No URLs found in abstracts
3073,920,,htinet2,39175133,NOT_FOUND,not_available,,No URLs found in abstracts
3077,923,,type 2 diabetes knowledge portal,36963395,NOT_FOUND,not_available,,No URLs found in abstracts
3078,924,,fraeppli,35980363,NOT_FOUND,not_available,,No URLs found in abstracts
3079,925,,world asellidae database,37864541,NOT_FOUND,not_available,,No URLs found in abstracts
3084,928,cobra,,34719002,NOT_FOUND,not_available,,No URLs found in abstracts
3092,935,,nanoscale metal-organic frameworks,39011737,NOT_FOUND,not_available,,No URLs found in abstracts
3096,938,,human gut cell atlas,37258747,NOT_FOUND,not_available,,No URLs found in abstracts
3097,939,above-,,36308510,NOT_FOUND,not_available,,No URLs found in abstracts
3102,942,,neuroonc,38881018,NOT_FOUND,not_available,,No URLs found in abstracts
3109,949,,phylum nematoda,35391386,NOT_FOUND,not_available,,No URLs found in abstracts
3110,950,sam,,36128669,NOT_FOUND,not_available,,No URLs found in abstracts
3112,952,,marine microbial polysaccharides,37504951,NOT_FOUND,not_available,,No URLs found in abstracts
3113,953,mcycdb,,35080120,NOT_FOUND,not_available,,No URLs found in abstracts
3119,957,iiot,,39913636,NOT_FOUND,not_available,,No URLs found in abstracts
3121,959,,elegans</i>-based,38275308,NOT_FOUND,not_available,,No URLs found in abstracts
3122,960,,postgresql,36653303,NOT_FOUND,not_available,,No URLs found in abstracts
3124,961,hgvs,localvar | clinvar,37128447,NOT_FOUND,not_available,,No URLs found in abstracts
3127,963,gelma,,38701383,NOT_FOUND,not_available,,No URLs found in abstracts
3131,966,dw-allen,dw-allen atlas,38521211,NOT_FOUND,not_available,,No URLs found in abstracts
3132,967,,control of phase separation in living cells,36227484,NOT_FOUND,not_available,,No URLs found in abstracts
3136,971,,pdbbind,35883475,NOT_FOUND,not_available,,No URLs found in abstracts
3137,972,hiclip,,37013995,NOT_FOUND,not_available,,No URLs found in abstracts
3140,975,pel-pvp,,39094861,NOT_FOUND,not_available,,No URLs found in abstracts
3144,978,,global wwtp microbiome-based integrative information platform,38292137,NOT_FOUND,not_available,,No URLs found in abstracts
3145,979,mpntext,,39258795,NOT_FOUND,not_available,,No URLs found in abstracts
3147,980,,neurodegenerative disease knowledge portal,39996130,NOT_FOUND,not_available,,No URLs found in abstracts
3148,981,,tripinrna,39668452,NOT_FOUND,not_available,,No URLs found in abstracts
3151,984,,fluorophore labeling of proteins,35900309,NOT_FOUND,not_available,,No URLs found in abstracts
3157,989,imex,,35507258,NOT_FOUND,not_available,,No URLs found in abstracts
3158,990,m13,,36867197,NOT_FOUND,not_available,,No URLs found in abstracts
3161,993,era5,,38702300,NOT_FOUND,not_available,,No URLs found in abstracts
3162,994,,nmrshiftdb2 | nmrshiftdb,38112483,NOT_FOUND,not_available,,No URLs found in abstracts
3164,996,,diverreef,39963945,NOT_FOUND,not_available,,No URLs found in abstracts
3172,1003,tinyml,,35999235,NOT_FOUND,not_available,,No URLs found in abstracts
3175,1006,,pathoyeastract,35524130,NOT_FOUND,not_available,,No URLs found in abstracts
3177,1008,taiao,,39439992,NOT_FOUND,not_available,,No URLs found in abstracts
3180,1011,,nanosuit,34950955,NOT_FOUND,not_available,,No URLs found in abstracts
3185,1015,,vaccine safety health link,39260065,NOT_FOUND,not_available,,No URLs found in abstracts
3186,1016,,pscadapt,39325614,NOT_FOUND,not_available,,No URLs found in abstracts
3194,1021,,teromol,35377469,NOT_FOUND,not_available,,No URLs found in abstracts
3196,1022,pamphlet,,39522681,NOT_FOUND,not_available,,No URLs found in abstracts
3199,1023,mzmine,,38769143,NOT_FOUND,not_available,,No URLs found in abstracts
3205,1027,nptagm,,39621301,NOT_FOUND,not_available,,No URLs found in abstracts
3206,1028,,ecg-based,40293056,NOT_FOUND,not_available,,No URLs found in abstracts
3210,1031,,araencode,37376732,NOT_FOUND,not_available,,No URLs found in abstracts
3211,1032,zjut-eifd,,38015708,NOT_FOUND,not_available,,No URLs found in abstracts
3217,1036,gdpr,general data protection regulation | digital health,35673005,NOT_FOUND,not_available,,No URLs found in abstracts
3219,1038,,malaysian natural product,40522748,NOT_FOUND,not_available,,No URLs found in abstracts
3220,1039,,crystal structure database,35394655,NOT_FOUND,not_available,,No URLs found in abstracts
3221,1040,,multispecies ovary tissue histology electronic repository,38900906,NOT_FOUND,not_available,,No URLs found in abstracts
3223,1042,mmhcdb,mouse models of human cancer database,36967676,NOT_FOUND,not_available,,No URLs found in abstracts
3225,1044,lscidmr,,34133301,NOT_FOUND,not_available,,No URLs found in abstracts
3227,1045,,camoevo | an open,35313008,NOT_FOUND,not_available,,No URLs found in abstracts
3233,1050,,biodare2,34674164,NOT_FOUND,not_available,,No URLs found in abstracts
3234,1051,phgd,,38868516,NOT_FOUND,not_available,,No URLs found in abstracts
3235,1052,cbr,,37934748,NOT_FOUND,not_available,,No URLs found in abstracts
3238,1055,,metnetcomp,37738189,NOT_FOUND,not_available,,No URLs found in abstracts
3239,1056,,flyphonedb,35100387,NOT_FOUND,not_available,,No URLs found in abstracts
3240,1057,mmip,microbiome metabolome integration platform,37771003,NOT_FOUND,not_available,,No URLs found in abstracts
3243,1059,,biomedical data in china,40130410,NOT_FOUND,not_available,,No URLs found in abstracts
3245,1060,pipi2,,38770571,NOT_FOUND,not_available,,No URLs found in abstracts
3250,1063,,plant systems biology,34822162,NOT_FOUND,not_available,,No URLs found in abstracts
3255,1067,darhd,,35739750,NOT_FOUND,not_available,,No URLs found in abstracts
3263,1071,,carotenoids,39442633,NOT_FOUND,not_available,,No URLs found in abstracts
3264,1072,netact,,36575445,NOT_FOUND,not_available,,No URLs found in abstracts
3267,1074,,protein adsorption on solid surfaces,38787331,NOT_FOUND,not_available,,No URLs found in abstracts
3268,1075,sf1ep,pallidum,39115038,NOT_FOUND,not_available,,No URLs found in abstracts
3274,1078,pacs-ai,,38885787,NOT_FOUND,not_available,,No URLs found in abstracts
3277,1081,,kras</i,34904611,NOT_FOUND,not_available,,No URLs found in abstracts
3279,1083,,breast cancer proteome portal,37493333,NOT_FOUND,not_available,,No URLs found in abstracts
3280,1084,,scmerge2,37460600,NOT_FOUND,not_available,,No URLs found in abstracts
3285,1089,,toolpool,35592955,NOT_FOUND,not_available,,No URLs found in abstracts
3293,1095,ppcps,,39869488,NOT_FOUND,not_available,,No URLs found in abstracts
3301,1101,,sapbase,38804840,NOT_FOUND,not_available,,No URLs found in abstracts
3311,1105,,human activity recognition,39771711,NOT_FOUND,not_available,,No URLs found in abstracts
3326,1113,,cerealsdb,35037203,NOT_FOUND,not_available,,No URLs found in abstracts
3327,1114,,sciapps,35037207,NOT_FOUND,not_available,,No URLs found in abstracts
3330,1116,agrold,,35037225,NOT_FOUND,not_available,,No URLs found in abstracts
3333,1118,,plantmedoman,38854754,NOT_FOUND,not_available,,No URLs found in abstracts
3335,1119,manudb,,39985319,NOT_FOUND,not_available,,No URLs found in abstracts
3342,1124,,circadipy | an open,39117154,NOT_FOUND,not_available,,No URLs found in abstracts
3343,1125,heal | impowr,,39510367,NOT_FOUND,not_available,,No URLs found in abstracts
3350,1130,,metapep,37692080,NOT_FOUND,not_available,,No URLs found in abstracts
3357,1136,,vggin-net,35349449,NOT_FOUND,not_available,,No URLs found in abstracts
3359,1138,alma,,35169263,NOT_FOUND,not_available,,No URLs found in abstracts
3366,1143,bas,,35071207,NOT_FOUND,not_available,,No URLs found in abstracts
3375,1148,,natural products dereplication,39101983,NOT_FOUND,not_available,,No URLs found in abstracts
3376,1149,kz-bd,,38348328,NOT_FOUND,not_available,,No URLs found in abstracts
3377,1150,,dneuromat,39134850,NOT_FOUND,not_available,,No URLs found in abstracts
3378,1151,,alphafold protein structure database | alphafold,36382391,NOT_FOUND,not_available,,No URLs found in abstracts
3382,1153,ihdr,iowa health data resource,38102790,NOT_FOUND,not_available,,No URLs found in abstracts
3383,1154,sbh17,,36529979,NOT_FOUND,not_available,,No URLs found in abstracts
3386,1156,,annogesic,38217648,NOT_FOUND,not_available,,No URLs found in abstracts
3388,1158,,pydarwin,38037471,NOT_FOUND,not_available,,No URLs found in abstracts
3390,1160,cops,,39102448,NOT_FOUND,not_available,,No URLs found in abstracts
3392,1162,,cyclegan | yolov8s,40445983,NOT_FOUND,not_available,,No URLs found in abstracts
3394,1163,,cocoamfdb,37234732,NOT_FOUND,not_available,,No URLs found in abstracts
3395,1164,,speedygenesxl,35727444,NOT_FOUND,not_available,,No URLs found in abstracts
3401,1170,sers,,39889147,NOT_FOUND,not_available,,No URLs found in abstracts
3405,1173,,maize genetics and genomics database | maizegdb | the maize genetics and genomics database,39151939,NOT_FOUND,not_available,,No URLs found in abstracts
3406,1174,rbpseg,,40479047,NOT_FOUND,not_available,,No URLs found in abstracts
3408,1176,,deepaction,36792716,NOT_FOUND,not_available,,No URLs found in abstracts
3412,1178,sednterp,,36792822,NOT_FOUND,not_available,,No URLs found in abstracts
3413,1179,,human skin cell atlas,37612031,NOT_FOUND,not_available,,No URLs found in abstracts
3415,1181,lstm,,40315417,NOT_FOUND,not_available,,No URLs found in abstracts
3416,1182,msingb | msi,,36350503,NOT_FOUND,not_available,,No URLs found in abstracts
3420,1184,,hmmer-extractor,39561848,NOT_FOUND,not_available,,No URLs found in abstracts
3421,1185,,bookshelf,37104266,NOT_FOUND,not_available,,No URLs found in abstracts
3422,1186,fapd,,36825752,NOT_FOUND,not_available,,No URLs found in abstracts
3429,1191,,atacannor,37497729,NOT_FOUND,not_available,,No URLs found in abstracts
3430,1192,atlas | bs-,,36449162,NOT_FOUND,not_available,,No URLs found in abstracts
3433,1194,,pathwaymind,40250332,NOT_FOUND,not_available,,No URLs found in abstracts
3434,1195,,wastpan,40414187,NOT_FOUND,not_available,,No URLs found in abstracts
3441,1200,mof,,37105065,NOT_FOUND,not_available,,No URLs found in abstracts
3442,1201,norm,,37187003,NOT_FOUND,not_available,,No URLs found in abstracts
3444,1203,debbie,,37563883,NOT_FOUND,not_available,,No URLs found in abstracts
3448,1207,asgard+ | asgard,,36892262,NOT_FOUND,not_available,,No URLs found in abstracts
3458,1214,,multicase,35188644,NOT_FOUND,not_available,,No URLs found in abstracts
3461,1217,rgb,sentinel2globallulc,36351936,NOT_FOUND,not_available,,No URLs found in abstracts
3465,1220,,nanomaterials-integrated crispr/cas systems | toolbox for optical detection,40202271,NOT_FOUND,not_available,,No URLs found in abstracts
3468,1222,atfdb,,39579797,NOT_FOUND,not_available,,No URLs found in abstracts
3475,1227,,glycocap,37040463,NOT_FOUND,not_available,,No URLs found in abstracts
3480,1231,pepseq,,36385198,NOT_FOUND,not_available,,No URLs found in abstracts
3483,1233,,genomes online database,36794865,NOT_FOUND,not_available,,No URLs found in abstracts
3486,1236,bold,,37614126,NOT_FOUND,not_available,,No URLs found in abstracts
3487,1237,,peatmoss,37646940,NOT_FOUND,not_available,,No URLs found in abstracts
3488,1238,,chilean plants cytogenetic database,37646946,NOT_FOUND,not_available,,No URLs found in abstracts
3489,1239,hotspot,,38941305,NOT_FOUND,not_available,,No URLs found in abstracts
3491,1241,,toolbox of oxidants,39432839,NOT_FOUND,not_available,,No URLs found in abstracts
3492,1242,iptg,lactospanks,38335132,NOT_FOUND,not_available,,No URLs found in abstracts
3494,1244,,silkworm,35680954,NOT_FOUND,not_available,,No URLs found in abstracts
3495,1245,,candida genome database,36008656,NOT_FOUND,not_available,,No URLs found in abstracts
3500,1250,μcurex,,36696912,NOT_FOUND,not_available,,No URLs found in abstracts
3501,1251,,dog-human translational genomics,36074326,NOT_FOUND,not_available,,No URLs found in abstracts
3504,1253,vqa,,37647277,NOT_FOUND,not_available,,No URLs found in abstracts
3508,1255,fpbase,,36107335,NOT_FOUND,not_available,,No URLs found in abstracts
3511,1258,,hyganno,38581422,NOT_FOUND,not_available,,No URLs found in abstracts
3514,1260,agtc,,38450403,NOT_FOUND,not_available,,No URLs found in abstracts
3515,1261,,disintegrindb,35124463,NOT_FOUND,not_available,,No URLs found in abstracts
3517,1263,fives,,35927290,NOT_FOUND,not_available,,No URLs found in abstracts
3524,1269,yncx,,37189043,NOT_FOUND,not_available,,No URLs found in abstracts
3527,1271,brca,,38909399,NOT_FOUND,not_available,,No URLs found in abstracts
3539,1279,,scswintnet,39466872,NOT_FOUND,not_available,,No URLs found in abstracts
3541,1281,,crispr/cas system,37107608,NOT_FOUND,not_available,,No URLs found in abstracts
3542,1282,jrdb,,33798067,NOT_FOUND,not_available,,No URLs found in abstracts
3546,1284,,mosquito small rna genomics,35796973,NOT_FOUND,not_available,,No URLs found in abstracts
3547,1285,,association of biomolecular resource facilities,37435391,NOT_FOUND,not_available,,No URLs found in abstracts
3548,1286,possum,,40728616,NOT_FOUND,not_available,,No URLs found in abstracts
3550,1288,,moonprot,40728623,NOT_FOUND,not_available,,No URLs found in abstracts
3553,1290,compass,,37369937,NOT_FOUND,not_available,,No URLs found in abstracts
3558,1293,,diplodia,39729429,NOT_FOUND,not_available,,No URLs found in abstracts
3562,1297,,omniclust,40057293,NOT_FOUND,not_available,,No URLs found in abstracts
3574,1305,,viralvacdb,36764575,NOT_FOUND,not_available,,No URLs found in abstracts
3575,1306,,human locomotion databases,37665701,NOT_FOUND,not_available,,No URLs found in abstracts
3580,1311,,genome taxonomy database | the genome taxonomy database,36125864,NOT_FOUND,not_available,,No URLs found in abstracts
3585,1315,cedar,cancer epitope database and analysis resource,40779104,NOT_FOUND,not_available,,No URLs found in abstracts
3586,1316,braker | tsebra,,40828275,NOT_FOUND,not_available,,No URLs found in abstracts
3589,1317,,cppsite3 | cppsite,40582613,NOT_FOUND,not_available,,No URLs found in abstracts
3594,1320,,transformer | a large-scale,38190692,NOT_FOUND,not_available,,No URLs found in abstracts
3598,1322,lcdb,,38567644,NOT_FOUND,not_available,,No URLs found in abstracts
3599,1323,,bomiprot,35995382,NOT_FOUND,not_available,,No URLs found in abstracts
3609,1330,,bugsigdb,37697153,NOT_FOUND,not_available,,No URLs found in abstracts
3611,1332,aster-rep,,36691901,NOT_FOUND,not_available,,No URLs found in abstracts
3612,1333,dest,,35020905,NOT_FOUND,not_available,,No URLs found in abstracts
3613,1334,,insect-ep450db,40129074,NOT_FOUND,not_available,,No URLs found in abstracts
3614,1335,vwdb,,37578228,NOT_FOUND,not_available,,No URLs found in abstracts
3616,1337,,acinetobase,36567525,NOT_FOUND,not_available,,No URLs found in abstracts
3618,1339,,i-phaos,39460195,NOT_FOUND,not_available,,No URLs found in abstracts
3619,1340,,opendatapsy,37203516,NOT_FOUND,not_available,,No URLs found in abstracts
3620,1341,gabi-i,,36576353,NOT_FOUND,not_available,,No URLs found in abstracts
3621,1342,,argetgene,38050974,NOT_FOUND,not_available,,No URLs found in abstracts
3622,1343,,plant ploidy database,37337836,NOT_FOUND,not_available,,No URLs found in abstracts
3623,1344,,oatomics,39780493,NOT_FOUND,not_available,,No URLs found in abstracts
3626,1345,metlin-ccs,,37932399,NOT_FOUND,not_available,,No URLs found in abstracts
3628,1347,,sex-chrom,36725728,NOT_FOUND,not_available,,No URLs found in abstracts
3632,1350,,ocean genome legacy,35108094,NOT_FOUND,not_available,,No URLs found in abstracts
3633,1351,,deep-saga,35650384,NOT_FOUND,not_available,,No URLs found in abstracts
3634,1352,,avmpnp database,39546588,NOT_FOUND,not_available,,No URLs found in abstracts
3640,1358,,bifloraexplorer,37646939,NOT_FOUND,not_available,,No URLs found in abstracts
3641,1359,,drosophila resource,37480566,NOT_FOUND,not_available,,No URLs found in abstracts
3647,1364,,saliva omics database,38450904,NOT_FOUND,not_available,,No URLs found in abstracts
3651,1367,,observed t cell receptor space,39216000,NOT_FOUND,not_available,,No URLs found in abstracts
3653,1368,,methane potential database,38013033,NOT_FOUND,not_available,,No URLs found in abstracts
3654,1369,kryptonite,,38968127,NOT_FOUND,not_available,,No URLs found in abstracts
3655,1370,,hyperspectral image database,36959253,NOT_FOUND,not_available,,No URLs found in abstracts
3658,1373,,consortium,35862536,NOT_FOUND,not_available,,No URLs found in abstracts
3662,1377,,wildsoydb datahub,36063461,NOT_FOUND,not_available,,No URLs found in abstracts
3667,1382,,psychoactive,40487401,NOT_FOUND,not_available,,No URLs found in abstracts
3668,1383,,nibs data,39986376,NOT_FOUND,not_available,,No URLs found in abstracts
3675,1389,,circulatory,37167657,NOT_FOUND,not_available,,No URLs found in abstracts
3676,1390,cesium,,36640942,NOT_FOUND,not_available,,No URLs found in abstracts
3679,1392,b,,38155573,NOT_FOUND,not_available,,No URLs found in abstracts
3680,1393,,yoga dataset,37383745,NOT_FOUND,not_available,,No URLs found in abstracts
3683,1394,dda,detection of mutant peptides of sars-cov-2 variants by lc/ms in the,37093804,NOT_FOUND,not_available,,No URLs found in abstracts
3684,1395,,university of north carolina cancer survivorship cohort,39240227,NOT_FOUND,not_available,,No URLs found in abstracts
3685,1396,,crowd-5e | a croatian psycholinguistic database of affective norms for five discrete emotions,36307625,NOT_FOUND,not_available,,No URLs found in abstracts
3686,1397,,pearl-neuro,38453963,NOT_FOUND,not_available,,No URLs found in abstracts
3687,1398,report,,38191934,NOT_FOUND,not_available,,No URLs found in abstracts
3688,1399,,covid19db,37503835,NOT_FOUND,not_available,,No URLs found in abstracts
3690,1401,,block copolymer phase behavior database,39126359,NOT_FOUND,not_available,,No URLs found in abstracts
3691,1402,,complete genome sequences of,36537804,NOT_FOUND,not_available,,No URLs found in abstracts
3698,1405,,gene expression database,35359334,NOT_FOUND,not_available,,No URLs found in abstracts
3699,1406,,genome sequence resource of,35130035,NOT_FOUND,not_available,,No URLs found in abstracts
3700,1407,,malignant portal vein thrombosis with no obvious liver parenchymal mass on fluorodeoxyglucose positron emission tomography/computed tomography,38390545,NOT_FOUND,not_available,,No URLs found in abstracts
3708,1412,,supercapacitor materials database generated using web scrapping and natural language processing,39965271,NOT_FOUND,not_available,,No URLs found in abstracts
3709,1413,,scepitools,37769837,NOT_FOUND,not_available,,No URLs found in abstracts
3710,1414,,esktides,38720552,NOT_FOUND,not_available,,No URLs found in abstracts
3712,1416,,endurance time during constant work rate cycle ergometry in copd,36066494,NOT_FOUND,not_available,,No URLs found in abstracts
3713,1417,,brain data initiatives in universiti sains malaysia,37344699,NOT_FOUND,not_available,,No URLs found in abstracts
3718,1421,,complete genome sequence resource of,36444142,NOT_FOUND,not_available,,No URLs found in abstracts
3725,1427,,hepatocellular carcinoma with portal vein tumor thrombus patients treated with transarterial chemoembolization plus molecular targeted therapies,38508935,NOT_FOUND,not_available,,No URLs found in abstracts
3726,1428,,adiposetissue.org,39983713,NOT_FOUND,not_available,,No URLs found in abstracts
3730,1432,pugtdb,,36609142,NOT_FOUND,not_available,,No URLs found in abstracts
3732,1434,,madagascar terrestrial camera survey database,35315058,NOT_FOUND,not_available,,No URLs found in abstracts
3736,1437,,dinosource | a comprehensive database of dinoflagellate genomic resources,40214971,NOT_FOUND,not_available,,No URLs found in abstracts
3738,1438,,mitigating winner-take-all resource competition through antithetic control mechanism,39641579,NOT_FOUND,not_available,,No URLs found in abstracts
3742,1442,,treatment patterns in women age 80 and over with dcis,35595612,NOT_FOUND,not_available,,No URLs found in abstracts
3747,1447,development,,36005997,NOT_FOUND,not_available,,No URLs found in abstracts
3751,1448,,lessons learned establishing the palliative care research cooperative's qualitative data repository,38825257,NOT_FOUND,not_available,,No URLs found in abstracts
3753,1449,,global impact of covid-19 vaccines,37367491,NOT_FOUND,not_available,,No URLs found in abstracts
3759,1453,,fibroblast-activation protein pet and histopathology,36581374,NOT_FOUND,not_available,,No URLs found in abstracts
3760,1454,,database-driven spatially resolved lipidomics highlights heterogeneous metabolic alterations in type 2 diabetic mice,38088904,NOT_FOUND,not_available,,No URLs found in abstracts
3768,1459,,hybrid spectral library and protein sequence database search strategy for bottom-up and top-down proteomic data analysis,36206157,NOT_FOUND,not_available,,No URLs found in abstracts
3769,1460,,standard for artificial intelligence benchmarking,40154847,NOT_FOUND,not_available,,No URLs found in abstracts
3774,1464,,protein secondary structure patterns in short-range cross-link atlas,40433759,NOT_FOUND,not_available,,No URLs found in abstracts
3780,1467,,bamboobase | a comprehensive database of bamboo omics and systematics,38419327,NOT_FOUND,not_available,,No URLs found in abstracts
3781,1468,,dirac electronic behavior database of under-stress transition metal dichalcogenides for broad applications,39763119,NOT_FOUND,not_available,,No URLs found in abstracts
3782,1469,,naturally occurring plant-based anticancerous candidates as potential erk2 inhibitors,39075025,NOT_FOUND,not_available,,No URLs found in abstracts
3785,1472,,large postmortem database of covid-19 patients can inform disease research and public policy decision making,38452801,NOT_FOUND,not_available,,No URLs found in abstracts
3788,1474,,genome sequence resource of the avocado scab pathogen elsinoe perseae,37191557,NOT_FOUND,not_available,,No URLs found in abstracts
3789,1475,,chronic freshwater ecotoxicity database and biotic ligand model for nickel for regulatory applications in europe,36650904,NOT_FOUND,not_available,,No URLs found in abstracts
3790,1476,,unveiling potential inhibitors targeting vp37 protein in silico from herb and marine databases,40271912,NOT_FOUND,not_available,,No URLs found in abstracts
3791,1477,iccdrs,,40173611,NOT_FOUND,not_available,,No URLs found in abstracts
3792,1478,,host-pathogen interaction databases,39600198,NOT_FOUND,not_available,,No URLs found in abstracts
3793,1479,,deep learning for antimicrobial peptides,39927895,NOT_FOUND,not_available,,No URLs found in abstracts
3794,1480,quandb,,38863005,NOT_FOUND,not_available,,No URLs found in abstracts
3803,1489,,genome engineering toolbox,37192099,NOT_FOUND,not_available,,No URLs found in abstracts
3804,1490,htd | hppd,,39895511,NOT_FOUND,not_available,,No URLs found in abstracts
3806,1492,,lung cancer computational biology and resources,34751162,NOT_FOUND,not_available,,No URLs found in abstracts
3807,1493,,quality by digital design for developing platform rna vaccine and therapeutic manufacturing processes,38814403,NOT_FOUND,not_available,,No URLs found in abstracts
3813,1499,,genome sequence resource and annotation of,35226813,NOT_FOUND,not_available,,No URLs found in abstracts
3814,1500,,digital world of cytogenetic and cytogenomic web resources,38913321,NOT_FOUND,not_available,,No URLs found in abstracts
3815,1501,,modular droplet-based microfluidic platform for functional phenotypic screening of natural killer cells,40256918,NOT_FOUND,not_available,,No URLs found in abstracts
3816,1502,,first genome sequence resource of | causal agent of foxtail millet stinking smut disease,36537834,NOT_FOUND,not_available,,No URLs found in abstracts
3818,1504,,adeno-associated virus toolkit to target diverse brain cells,35440143,NOT_FOUND,not_available,,No URLs found in abstracts
3820,1506,,data collection strategy based on oselm,35178077,NOT_FOUND,not_available,,No URLs found in abstracts
3822,1508,,crispr platform for targeted in vivo screens,36587138,NOT_FOUND,not_available,,No URLs found in abstracts
3823,1509,tat-hum,,38504077,NOT_FOUND,not_available,,No URLs found in abstracts
3824,1510,,maizenetome,37553832,NOT_FOUND,not_available,,No URLs found in abstracts
3828,1514,,genome sequence resource of | causative agent of apple replant disease,36587236,NOT_FOUND,not_available,,No URLs found in abstracts
3835,1521,,automated native mass spectrometry analysis,37291876,NOT_FOUND,not_available,,No URLs found in abstracts
3836,1522,,marine resources offer new compounds and strategies for the treatment of skin and soft tissue infections,37504918,NOT_FOUND,not_available,,No URLs found in abstracts
3838,1523,,linear motif database resources to identify sh2 domain binders,37668974,NOT_FOUND,not_available,,No URLs found in abstracts
3839,1524,,fungalroot,35915959,NOT_FOUND,not_available,,No URLs found in abstracts
3840,1525,,changing landscape of cancer vaccines-novel proteomics platform for new antigen compositions,35457221,NOT_FOUND,not_available,,No URLs found in abstracts
3841,1526,,molecular toolbox for linkage type-specific analysis of ubiquitin signaling,40192223,NOT_FOUND,not_available,,No URLs found in abstracts
3842,1527,,optimally fabricated platform guides cancer-specific activation of chemotherapeutic drugs and toxicity-free cancer treatment,35670274,NOT_FOUND,not_available,,No URLs found in abstracts
3843,1528,,nanomaterial surface modification toolkit: principles,37931382,NOT_FOUND,not_available,,No URLs found in abstracts
3846,1530,ppfab,,38865446,NOT_FOUND,not_available,,No URLs found in abstracts
3848,1532,,sequencing data analysis on the maser platform,35867230,NOT_FOUND,not_available,,No URLs found in abstracts
3849,1533,,electron microscopy of ctenophores,38668966,NOT_FOUND,not_available,,No URLs found in abstracts
3852,1536,,toolkit for single-nucleus characterization of glioblastoma,40553287,NOT_FOUND,not_available,,No URLs found in abstracts
3854,1538,,three-dimensional structure databases of biological macromolecules,35507259,NOT_FOUND,not_available,,No URLs found in abstracts
3855,1539,,brightfield vs fluorescent staining dataset-a test bed image set for machine learning based virtual staining,36949058,NOT_FOUND,not_available,,No URLs found in abstracts
3857,1541,,combat environmental antibiotic resistance,39226538,NOT_FOUND,not_available,,No URLs found in abstracts
3859,1543,,chemical ecology of floral resources in conservation biological control,36130040,NOT_FOUND,not_available,,No URLs found in abstracts
3860,1544,,fluorescence detection platform of metal-organic frameworks for biomarkers,37473653,NOT_FOUND,not_available,,No URLs found in abstracts
3861,1545,,genome assembly and annotation of the dark-branded bushbrown butterfly mycalesis mineus,38505885,NOT_FOUND,not_available,,No URLs found in abstracts
3864,1548,,robust discovery platform,35343960,NOT_FOUND,not_available,,No URLs found in abstracts
3865,1549,,aryl-modified pentamethyl cyanine dyes,38063803,NOT_FOUND,not_available,,No URLs found in abstracts
3870,1554,,universal amplification-free nucleic acid test platform,39784310,NOT_FOUND,not_available,,No URLs found in abstracts
3871,1555,,toolbox for bio-organic applications,35164045,NOT_FOUND,not_available,,No URLs found in abstracts
3872,1556,,japan monkey centre primates brain imaging repository of high-resolution postmortem magnetic resonance imaging,37031828,NOT_FOUND,not_available,,No URLs found in abstracts
3873,1557,,rice gene index,36966359,NOT_FOUND,not_available,,No URLs found in abstracts
3874,1558,,binning metagenomic contigs using unsupervised clustering and reference databases,35639335,NOT_FOUND,not_available,,No URLs found in abstracts
3876,1560,,heuristic pairwise alignment in database environments,36360242,NOT_FOUND,not_available,,No URLs found in abstracts
3877,1561,,toolkit for heterochromatin repair studies,35328082,NOT_FOUND,not_available,,No URLs found in abstracts
3878,1562,,complete genome sequences of four strains of,35491948,NOT_FOUND,not_available,,No URLs found in abstracts
3880,1564,,demand nanoliter sampling probe,35786947,NOT_FOUND,not_available,,No URLs found in abstracts
3881,1565,,photo-enhanced chemo-transistor platform for ultrasensitive assay of small molecules,37097713,NOT_FOUND,not_available,,No URLs found in abstracts
3884,1568,,cancersrt,39277030,NOT_FOUND,not_available,,No URLs found in abstracts
3888,1572,,hu</sup | publicly available database,35820117,NOT_FOUND,not_available,,No URLs found in abstracts
3891,1575,,design of multi-cancer vocs profiling platform,40211116,NOT_FOUND,not_available,,No URLs found in abstracts
3892,1576,,seventy years of dose-response models,38802101,NOT_FOUND,not_available,,No URLs found in abstracts
3893,1577,,electrochemical aptamer-based sensors,34837195,NOT_FOUND,not_available,,No URLs found in abstracts
3894,1578,,soyomics,36950735,NOT_FOUND,not_available,,No URLs found in abstracts
3895,1579,,coiled-coil interaction toolbox for engineering mammalian cells,38441756,NOT_FOUND,not_available,,No URLs found in abstracts
3896,1580,nccih,,36311883,NOT_FOUND,not_available,,No URLs found in abstracts
3897,1581,,utilizing electrochemical biosensors,37835747,NOT_FOUND,not_available,,No URLs found in abstracts
3898,1582,,personalised recommendation of pe network course environment resources using data mining analysis,36017244,NOT_FOUND,not_available,,No URLs found in abstracts
3900,1583,,silk hydrogel platform enable the design of aligned and gradient cues for regenerative medicine,40211606,NOT_FOUND,not_available,,No URLs found in abstracts
3902,1585,,toannopridb,39736494,NOT_FOUND,not_available,,No URLs found in abstracts
3904,1587,,emergence of oligonucleotide building blocks,39704048,NOT_FOUND,not_available,,No URLs found in abstracts
3905,1588,,metabolic signatures from genebank collections,36623924,NOT_FOUND,not_available,,No URLs found in abstracts
3906,1589,,human pangenome project,35444317,NOT_FOUND,not_available,,No URLs found in abstracts
3907,1590,,diagnosis of urinary tract cancers on a,37738107,NOT_FOUND,not_available,,No URLs found in abstracts
3909,1592,,camel proteins and enzymes,35903143,NOT_FOUND,not_available,,No URLs found in abstracts
3911,1594,,musculoskeletal organs-on-chips,38491868,NOT_FOUND,not_available,,No URLs found in abstracts
3912,1595,,allen brain atlas,37394145,NOT_FOUND,not_available,,No URLs found in abstracts
3913,1596,,visible light bioluminescence imaging platform for animal cell imaging,35821461,NOT_FOUND,not_available,,No URLs found in abstracts
3916,1599,,biological control agent isolated,36378587,NOT_FOUND,not_available,,No URLs found in abstracts
3917,1600,,solar evaporators for saline water,40114309,NOT_FOUND,not_available,,No URLs found in abstracts
3918,1601,,biosensors integration in blood-brain barrier-on-a-chip,35559649,NOT_FOUND,not_available,,No URLs found in abstracts
3919,1602,,tandem cytometry platform for single-cell analysis of protein and metabolites,40130787,NOT_FOUND,not_available,,No URLs found in abstracts
3920,1603,,topdownapp | an open,37787899,NOT_FOUND,not_available,,No URLs found in abstracts
3921,1604,,multifaceted applications of seaweed and its derived compounds in biomedicine and nutraceuticals,39655722,NOT_FOUND,not_available,,No URLs found in abstracts
3922,1605,,critical review on artificial intelligence-based microplastics imaging technology,36673905,NOT_FOUND,not_available,,No URLs found in abstracts
3924,1607,,recruitnet,36428233,NOT_FOUND,not_available,,No URLs found in abstracts
3925,1608,,database for plant transcription factor binding sites,36264496,NOT_FOUND,not_available,,No URLs found in abstracts
3926,1609,mace,an open access database of electron impact mass spectra of natural products,39574222,NOT_FOUND,not_available,,No URLs found in abstracts
3927,1610,,nanopore/illumina hybrid whole-genome sequence resource of,36510424,NOT_FOUND,not_available,,No URLs found in abstracts
3929,1612,,bsfbase | the comprehensive genomic resource for a natural recycler,37526240,NOT_FOUND,not_available,,No URLs found in abstracts
3930,1613,,formulae differences commence a database for interlaboratory studies of natural organic matter,37018345,NOT_FOUND,not_available,,No URLs found in abstracts
3931,1614,,develop targeted protein drug carriers,38804201,NOT_FOUND,not_available,,No URLs found in abstracts
3932,1615,,beyond earth,39590761,NOT_FOUND,not_available,,No URLs found in abstracts
3934,1617,,dna damage response as an auxiliary indicator of senescence in cancer,40082352,NOT_FOUND,not_available,,No URLs found in abstracts
3935,1618,,micronano synergetic three-dimensional bioelectronics,38837178,NOT_FOUND,not_available,,No URLs found in abstracts
3937,1620,,genome resources for four,36265142,NOT_FOUND,not_available,,No URLs found in abstracts
3938,1621,,molluscdb,39656671,NOT_FOUND,not_available,,No URLs found in abstracts
3939,1622,,utilizing large functional and population genomics resources for crispr/cas perturbation experiment design,36773138,NOT_FOUND,not_available,,No URLs found in abstracts
3947,1630,,global atlas of methane metabolism marker genes in soil,38739716,NOT_FOUND,not_available,,No URLs found in abstracts
3948,1631,,freestanding metal-organic frameworks and their derivatives,35446541,NOT_FOUND,not_available,,No URLs found in abstracts
3949,1632,,data precision marketing approach under iot cloud platform information mining,35069719,NOT_FOUND,not_available,,No URLs found in abstracts
3950,1633,,perspectives on microbial electron transfer networks for environmental biotechnology,35495710,NOT_FOUND,not_available,,No URLs found in abstracts
3953,1636,,association of biomolecular resource facilities proteome informatics research group study on metaproteomics,37969874,NOT_FOUND,not_available,,No URLs found in abstracts
3956,1638,,macrocycle-assisted platform approach to protein cross-linking via chemically inactive residues,39968831,NOT_FOUND,not_available,,No URLs found in abstracts
3960,1642,,toolkit for engineering proteins in living cells,36135325,NOT_FOUND,not_available,,No URLs found in abstracts
3961,1643,,current development of data resources and bioinformatics tools for anticoronavirus peptide,38265399,NOT_FOUND,not_available,,No URLs found in abstracts
3963,1645,,toolbox for fine-tuned gene expression,39068339,NOT_FOUND,not_available,,No URLs found in abstracts
3965,1647,,biomedical data repository concepts and management principles,38871749,NOT_FOUND,not_available,,No URLs found in abstracts
3971,1653,cpbd,citrus pan-genome to breeding database,36004795,NOT_FOUND,not_available,,No URLs found in abstracts
3972,1654,,global availability of plant dna barcodes,40018971,NOT_FOUND,not_available,,No URLs found in abstracts
3973,1655,,toolbox for assessing neuronal network reconstruction,38790353,NOT_FOUND,not_available,,No URLs found in abstracts
3974,1656,,causal agent of camellia flower blight,36513026,NOT_FOUND,not_available,,No URLs found in abstracts
3979,1661,,fishsct,36971993,NOT_FOUND,not_available,,No URLs found in abstracts
3980,1662,,covid-19 data exchange platform of the german university medicine,35612174,NOT_FOUND,not_available,,No URLs found in abstracts
3983,1665,,first complete genome resource,36415136,NOT_FOUND,not_available,,No URLs found in abstracts
3984,1666,,review on human action recognition in smart living,37300008,NOT_FOUND,not_available,,No URLs found in abstracts
3986,1668,,expression of concern | disgenet | interaction database,39888724,NOT_FOUND,not_available,,No URLs found in abstracts
3988,1670,,fishsed,37758906,NOT_FOUND,not_available,,No URLs found in abstracts
3989,1671,,bio-inorganic chemistry,36005821,NOT_FOUND,not_available,,No URLs found in abstracts
3995,1676,,tailored metal-based catalysts,39348603,NOT_FOUND,not_available,,No URLs found in abstracts
3996,1677,seer,,39102880,NOT_FOUND,not_available,,No URLs found in abstracts
3998,1679,,biomolecular toolbox for precision nanomotors,36055646,NOT_FOUND,not_available,,No URLs found in abstracts
3999,1680,,categories in social interaction: unlocking the resources of conversation analysis and membership categorization for psychological science,39348849,NOT_FOUND,not_available,,No URLs found in abstracts
4006,1686,,digital ecosystem platform,39086980,NOT_FOUND,not_available,,No URLs found in abstracts
4009,1689,,multimodal 3d mouse brain atlas,36809643,NOT_FOUND,not_available,,No URLs found in abstracts
4013,1693,,guinea pig preimplantation embryos,37284942,NOT_FOUND,not_available,,No URLs found in abstracts
4014,1694,,comparative proteomic atlas of two,39808083,NOT_FOUND,not_available,,No URLs found in abstracts
4016,1696,,regulatory network,40070311,NOT_FOUND,not_available,,No URLs found in abstracts
4017,1697,,review of natural organisms and bioinspired strategies,38104272,NOT_FOUND,not_available,,No URLs found in abstracts
4019,1698,,mapping mouse metabolic tissue atlas by mid-infrared imaging with heavy water labeling,35319171,NOT_FOUND,not_available,,No URLs found in abstracts
4022,1701,,versatile coating platform for metal oxide nanoparticles,35483044,NOT_FOUND,not_available,,No URLs found in abstracts
4023,1702,,black phosphorous aptamer-based platform for biomarker detection,35220933,NOT_FOUND,not_available,,No URLs found in abstracts
4024,1703,,comparison of database searching programs for the analysis of single-cell proteomics data,36892105,NOT_FOUND,not_available,,No URLs found in abstracts
4026,1705,,ecotoxxplorer,34762316,NOT_FOUND,not_available,,No URLs found in abstracts
4027,1706,,cultivable endophyte resources in medicinal plants and effects on hosts,37629552,NOT_FOUND,not_available,,No URLs found in abstracts
4028,1707,,cucumber-db,38907525,NOT_FOUND,not_available,,No URLs found in abstracts
4037,1716,ilabdb,,37777465,NOT_FOUND,not_available,,No URLs found in abstracts
4039,1718,,pagerank | finder based algorithm for multimedia resources in preschool education,35909855,NOT_FOUND,not_available,,No URLs found in abstracts
4041,1720,,normalizing large scale sensor-based mwd data,38400367,NOT_FOUND,not_available,,No URLs found in abstracts
4042,1721,,cataloguing protein complexes in planta using turboid-catalyzed proximity labeling,37450157,NOT_FOUND,not_available,,No URLs found in abstracts
4043,1722,rlkdb,,38384129,NOT_FOUND,not_available,,No URLs found in abstracts
4045,1724,,catching nucleosome by its decorated tails determines its functional states,35910215,NOT_FOUND,not_available,,No URLs found in abstracts
4049,1728,,atlas of tumor metabolism uncovers gene-metabolite interactions,37417838,NOT_FOUND,not_available,,No URLs found in abstracts
4050,1729,adgap,,40383374,NOT_FOUND,not_available,,No URLs found in abstracts
4051,1730,,a health care clinical data platform for rapid deployment of artificial intelligence and machine learning algorithms for cancer care and oncology clinical trials,39466099,NOT_FOUND,not_available,,No URLs found in abstracts
4052,1731,,causal pathogen of foliage blight and shoot dieback of,36074693,NOT_FOUND,not_available,,No URLs found in abstracts
4054,1733,,toolkit to probe amyloid oligomer inhibition in neurodegenerative diseases,38712695,NOT_FOUND,not_available,,No URLs found in abstracts
4056,1735,,nbatlas,39368085,NOT_FOUND,not_available,,No URLs found in abstracts
4058,1737,,inkjet-printed graphene multielectrode arrays | lt;i&gt;in,40285727,NOT_FOUND,not_available,,No URLs found in abstracts
4060,1739,,electricity-driven microbial metabolism of carbon and nitrogen,36877891,NOT_FOUND,not_available,,No URLs found in abstracts
4062,1741,,nearest neighbors approach and interactive browser for network analysis of a comprehensive non-small-cell lung cancer data set,35944232,NOT_FOUND,not_available,,No URLs found in abstracts
4065,1743,,nighttime chlorophyll fluorescence imaging of dark-adapted plants using a robotic field phenotyping platform,35895206,NOT_FOUND,not_available,,No URLs found in abstracts
4066,1744,,utilizing public molecular biological databases for ccn family research,36370350,NOT_FOUND,not_available,,No URLs found in abstracts
4067,1745,,drosophila genetic resources for elucidating pirna pathway,35796961,NOT_FOUND,not_available,,No URLs found in abstracts
4070,1748,,benchmarking platform for assessing protein language models on function-related prediction tasks,40728618,NOT_FOUND,not_available,,No URLs found in abstracts
4072,1750,,melting point database for organometallic compounds,39352375,NOT_FOUND,not_available,,No URLs found in abstracts
4075,1753,,membrane surface as a platform that organizes cellular and biochemical processes,37419118,NOT_FOUND,not_available,,No URLs found in abstracts
4077,1755,,ivenomdb,35633312,NOT_FOUND,not_available,,No URLs found in abstracts
4079,1757,,structured knowledge base enhances effective use of large language models for metadata curation,40417549,NOT_FOUND,not_available,,No URLs found in abstracts
4080,1758,,bayesian networks in radiology,38074791,NOT_FOUND,not_available,,No URLs found in abstracts
4081,1759,,bioactive peptides for boosting stem cell culture platform,36764131,NOT_FOUND,not_available,,No URLs found in abstracts
4083,1761,,semantic representation of context for description of named rivers,36059758,NOT_FOUND,not_available,,No URLs found in abstracts
4086,1764,,representing nih genetic test registry data in the fhir genomic study resource,37387049,NOT_FOUND,not_available,,No URLs found in abstracts
4089,1767,,preclinical research strategy development for rnai-based therapies in oncology using patient-centered information from public databases of | human protein atlas,34978699,NOT_FOUND,not_available,,No URLs found in abstracts
4091,1769,,plant leaf,37092397,NOT_FOUND,not_available,,No URLs found in abstracts
4093,1771,,regulatory network | structure-function analysis,36535428,NOT_FOUND,not_available,,No URLs found in abstracts
4094,1772,,structure searchable database of analytical methods,40549586,NOT_FOUND,not_available,,No URLs found in abstracts
4096,1774,,negatively competitive incoherent feedforward loops mitigate winner-take-all resource competition,36355441,NOT_FOUND,not_available,,No URLs found in abstracts
4097,1775,,microbioraman | an open-access web repository for microbiological raman spectroscopy data,38714759,NOT_FOUND,not_available,,No URLs found in abstracts
4098,1776,,dielectric ceramics database automatically constructed by data mining in the literature,39042485,NOT_FOUND,not_available,,No URLs found in abstracts
4101,1778,,powerful microbial base-editing toolbox,37224027,NOT_FOUND,not_available,,No URLs found in abstracts
4103,1780,,gossypium herbaceum l.,36454094,NOT_FOUND,not_available,,No URLs found in abstracts
4107,1784,,dsnetax,38600668,NOT_FOUND,not_available,,No URLs found in abstracts
4108,1785,,cell-free gene expression platform for discovering and characterizing stop codon suppressing trnas,37257197,NOT_FOUND,not_available,,No URLs found in abstracts
4111,1787,,honghu microbial catalog,40318372,NOT_FOUND,not_available,,No URLs found in abstracts
4118,1790,dipex,,36787439,NOT_FOUND,not_available,,No URLs found in abstracts
4126,1793,fa-cclr,,36912284,NOT_FOUND,not_available,,No URLs found in abstracts
4129,1796,rira,,40233746,NOT_FOUND,not_available,,No URLs found in abstracts
4133,1798,welcome,,35561342,NOT_FOUND,not_available,,No URLs found in abstracts
4135,1799,ispi,,36280721,NOT_FOUND,not_available,,No URLs found in abstracts
4137,1801,,mitelman db,36695636,NOT_FOUND,not_available,,No URLs found in abstracts
4143,1805,cgtdb,,37567397,NOT_FOUND,not_available,,No URLs found in abstracts
4154,1813,mskkp,,37831357,NOT_FOUND,not_available,,No URLs found in abstracts
4157,1816,,glyco@expasy,35129172,NOT_FOUND,not_available,,No URLs found in abstracts
4164,1820,arclim,,36658147,NOT_FOUND,not_available,,No URLs found in abstracts
4167,1823,gbm-x,,36939557,NOT_FOUND,not_available,,No URLs found in abstracts
4173,1826,hage,,37099501,NOT_FOUND,not_available,,No URLs found in abstracts
4175,1828,,accurate mouse brain image analysis,37357231,NOT_FOUND,not_available,,No URLs found in abstracts
4180,1832,,wheat phytohormone metabolic regulatory network,39827367,NOT_FOUND,not_available,,No URLs found in abstracts
4189,1835,ez device,,39718483,NOT_FOUND,not_available,,No URLs found in abstracts
4195,1838,,bgm-gdb,38594229,NOT_FOUND,not_available,,No URLs found in abstracts
4197,1840,wfd-has,,39515655,NOT_FOUND,not_available,,No URLs found in abstracts
4200,1843,,goed clinical study database,35816925,NOT_FOUND,not_available,,No URLs found in abstracts
4201,1844,,split-seq,38282330,NOT_FOUND,not_available,,No URLs found in abstracts
4212,1853,lcm,,35904158,NOT_FOUND,not_available,,No URLs found in abstracts
4228,1863,,pstcsome,36261023,NOT_FOUND,not_available,,No URLs found in abstracts
4232,1865,rba,,38561149,NOT_FOUND,not_available,,No URLs found in abstracts
4233,1866,,mopredascentury,38937480,NOT_FOUND,not_available,,No URLs found in abstracts
4236,1869,,acd_lotus,37583258,NOT_FOUND,not_available,,No URLs found in abstracts
4239,1871,,δtrim-tpd,38479385,NOT_FOUND,not_available,,No URLs found in abstracts
4246,1874,,optimized resource allocation using deep learning,40456783,NOT_FOUND,not_available,,No URLs found in abstracts
4247,1875,dwtp,,38686696,NOT_FOUND,not_available,,No URLs found in abstracts
4251,1877,,safrisenti,40471940,NOT_FOUND,not_available,,No URLs found in abstracts
4258,1881,,figshare,36433993,NOT_FOUND,not_available,,No URLs found in abstracts
4260,1883,,hla-hd-f,38907890,NOT_FOUND,not_available,,No URLs found in abstracts
4261,1884,bfi,,37142360,NOT_FOUND,not_available,,No URLs found in abstracts
4270,1890,,htcas12a,39030018,NOT_FOUND,not_available,,No URLs found in abstracts
4271,1891,but pdb,,36137552,NOT_FOUND,not_available,,No URLs found in abstracts
4272,1892,try,,38273575,NOT_FOUND,not_available,,No URLs found in abstracts
4291,1906,,snpversity,39611775,NOT_FOUND,not_available,,No URLs found in abstracts
4295,1909,i-tag,,38916991,NOT_FOUND,not_available,,No URLs found in abstracts
4298,1910,adacnn,,35042894,NOT_FOUND,not_available,,No URLs found in abstracts
4301,1912,jmdc,,35370187,NOT_FOUND,not_available,,No URLs found in abstracts
4305,1916,reset,,40163043,NOT_FOUND,not_available,,No URLs found in abstracts
4307,1917,,cardiac arrest registry to,35387734,NOT_FOUND,not_available,,No URLs found in abstracts
4313,1922,guiku1,,40327509,NOT_FOUND,not_available,,No URLs found in abstracts
4315,1924,l-scie,,35104413,NOT_FOUND,not_available,,No URLs found in abstracts
4316,1925,air-p,,38794841,NOT_FOUND,not_available,,No URLs found in abstracts
4320,1928,,lakepulse,37524802,NOT_FOUND,not_available,,No URLs found in abstracts
4321,1929,mzusp,,40173841,NOT_FOUND,not_available,,No URLs found in abstracts
4324,1931,,i>osteoevidence</i,40511584,NOT_FOUND,not_available,,No URLs found in abstracts
4334,1938,placid,,38653014,NOT_FOUND,not_available,,No URLs found in abstracts
4337,1941,hlstmbd,,35388048,NOT_FOUND,not_available,,No URLs found in abstracts
4340,1942,pqr,,40177811,NOT_FOUND,not_available,,No URLs found in abstracts
4350,1948,stuvw,,36973698,NOT_FOUND,not_available,,No URLs found in abstracts
4351,1949,ecn,,37800393,NOT_FOUND,not_available,,No URLs found in abstracts
4361,1953,pics2,,37816350,NOT_FOUND,not_available,,No URLs found in abstracts
4365,1955,,multiple micronutrient antenatal preparation,36655375,NOT_FOUND,not_available,,No URLs found in abstracts
4374,1963,,spatiotemporal genomic and cellular analysis,37819930,NOT_FOUND,not_available,,No URLs found in abstracts
4376,1964,,smart-seq+5,39837330,NOT_FOUND,not_available,,No URLs found in abstracts
4377,1965,,plantgenie,39279509,NOT_FOUND,not_available,,No URLs found in abstracts
4382,1966,ner,,39622400,NOT_FOUND,not_available,,No URLs found in abstracts
4384,1968,hnb,,38427620,NOT_FOUND,not_available,,No URLs found in abstracts
4394,1974,,slim-orbitrap,37307303,NOT_FOUND,not_available,,No URLs found in abstracts
4397,1977,,gate dna,37778181,NOT_FOUND,not_available,,No URLs found in abstracts
4400,1980,phn,,36401161,NOT_FOUND,not_available,,No URLs found in abstracts
4409,1987,ratio,,38996838,NOT_FOUND,not_available,,No URLs found in abstracts
4411,1989,screen,,37681418,NOT_FOUND,not_available,,No URLs found in abstracts
4435,1999,,oregon biodiversity genome project,37602732,NOT_FOUND,not_available,,No URLs found in abstracts
4436,2000,,facs)-enriched,38569548,NOT_FOUND,not_available,,No URLs found in abstracts
4440,2001,ibh,,36849471,NOT_FOUND,not_available,,No URLs found in abstracts
4444,2005,eras,,38488251,NOT_FOUND,not_available,,No URLs found in abstracts
4451,2009,,tumor-infiltrating b cells play a significant role in tumor development,39406187,NOT_FOUND,not_available,,No URLs found in abstracts
4460,2014,,squeezemeta,38063370,NOT_FOUND,not_available,,No URLs found in abstracts
4464,2017,cinahl | rct,ptsd-repository | psycinfo,37769048,NOT_FOUND,not_available,,No URLs found in abstracts
4476,2024,its2 | gag,,37261838,NOT_FOUND,not_available,,No URLs found in abstracts
4483,2028,gly191,p.[(trp231ter,35853340,NOT_FOUND,not_available,,No URLs found in abstracts
4498,2034,stemi | ncdr,,36099978,NOT_FOUND,not_available,,No URLs found in abstracts
4509,2040,,palliative care consult team | median palliative performance scale,36789226,NOT_FOUND,not_available,,No URLs found in abstracts
4511,2042,,genelab,39558178,NOT_FOUND,not_available,,No URLs found in abstracts
4538,2050,gbif,,40329811,NOT_FOUND,not_available,,No URLs found in abstracts
4550,2055,,cellhint,38134877,NOT_FOUND,not_available,,No URLs found in abstracts
4556,2059,,world health organization recommends that cervical cancer screening programs incorporate hpv dna testing,36562325,NOT_FOUND,not_available,,No URLs found in abstracts
4561,2060,,hydroxypropionate/4,38185001,NOT_FOUND,not_available,,No URLs found in abstracts
4566,2061,,cystic fibrosis foundation patient registry,34679174,NOT_FOUND,not_available,,No URLs found in abstracts
4567,2062,,australian food composition database,39332377,NOT_FOUND,not_available,,No URLs found in abstracts
4574,2065,td-abc | u)hf,,37956888,NOT_FOUND,not_available,,No URLs found in abstracts
4575,2066,,flysta3d-v2,40578340,NOT_FOUND,not_available,,No URLs found in abstracts
4577,2067,topmed,metastaar | trans omics for precision medicine,36564505,NOT_FOUND,not_available,,No URLs found in abstracts
4579,2069,,european food safety authority,38923903,NOT_FOUND,not_available,,No URLs found in abstracts
4588,2072,4·2,pharmaceutical benefits scheme,37269845,NOT_FOUND,not_available,,No URLs found in abstracts
4592,2074,mpeas | mpea,,39105062,NOT_FOUND,not_available,,No URLs found in abstracts
4594,2075,r&d,,35599136,NOT_FOUND,not_available,,No URLs found in abstracts
4595,2076,,e</sup>=<i,39252774,NOT_FOUND,not_available,,No URLs found in abstracts
4599,2080,,mirbase,35124290,NOT_FOUND,not_available,,No URLs found in abstracts
4601,2082,sgmd,sorghum genomics and mutation database,40055894,NOT_FOUND,not_available,,No URLs found in abstracts
4615,2088,hetil,,38762876,NOT_FOUND,not_available,,No URLs found in abstracts
4617,2090,arcgis,nature conservancy's northeast aquatic connectivity study which considered factors relating to river connectivity and watershed quality,38042076,NOT_FOUND,not_available,,No URLs found in abstracts
4620,2091,ipec,,39074503,NOT_FOUND,not_available,,No URLs found in abstracts
4626,2095,hcb | pfos,,38271818,NOT_FOUND,not_available,,No URLs found in abstracts
4634,2097,h+,o-acetylserine(thiol)lyase,39435638,NOT_FOUND,not_available,,No URLs found in abstracts
4637,2100,defcrit,,38190831,NOT_FOUND,not_available,,No URLs found in abstracts
4645,2105,,lotka-volterra,35143846,NOT_FOUND,not_available,,No URLs found in abstracts
4649,2109,cribomics,,35062088,NOT_FOUND,not_available,,No URLs found in abstracts
4652,2112,dlhm,,38437255,NOT_FOUND,not_available,,No URLs found in abstracts
4655,2115,ghs,,40288852,NOT_FOUND,not_available,,No URLs found in abstracts
4668,2128,,incorporating artificial intelligence,39208265,NOT_FOUND,not_available,,No URLs found in abstracts
4670,2130,cengen,neuronal gene expression map and network,38421866,NOT_FOUND,not_available,,No URLs found in abstracts
4671,2131,cfdna,,37455222,NOT_FOUND,not_available,,No URLs found in abstracts
4673,2133,fsrf | eemsr,,37422490,NOT_FOUND,not_available,,No URLs found in abstracts
4674,2134,its-1_5.8s_its-2,its-2-rrna | primertc,38733216,NOT_FOUND,not_available,,No URLs found in abstracts
4675,2135,key,,35538374,NOT_FOUND,not_available,,No URLs found in abstracts
4678,2137,pfam | lbd,,34424339,NOT_FOUND,not_available,,No URLs found in abstracts
4679,2138,epo,,36095527,NOT_FOUND,not_available,,No URLs found in abstracts
4680,2139,silva | rdp | gtdb,ribosomal database project | and genome taxonomy database,37258857,NOT_FOUND,not_available,,No URLs found in abstracts
4681,2140,mimic | cms,,36996758,NOT_FOUND,not_available,,No URLs found in abstracts
4684,2143,pdb,alphafold | autodock,38160287,NOT_FOUND,not_available,,No URLs found in abstracts
4685,2144,tacn,,37537703,NOT_FOUND,not_available,,No URLs found in abstracts
4686,2145,kegg | omim,,38733902,NOT_FOUND,not_available,,No URLs found in abstracts
4691,2150,padel,,39602490,NOT_FOUND,not_available,,No URLs found in abstracts
4692,2151,,retinanet,39176574,NOT_FOUND,not_available,,No URLs found in abstracts
4697,2156,mrcmpsp | hqpso,,37898683,NOT_FOUND,not_available,,No URLs found in abstracts
4698,2157,fedex,,35916224,NOT_FOUND,not_available,,No URLs found in abstracts
4704,2162,cleo | geo | egeo,e.g.</i,36326108,NOT_FOUND,not_available,,No URLs found in abstracts
4716,2172,bps,the health and environmental sciences | drugbank.ca,38636673,NOT_FOUND,not_available,,No URLs found in abstracts
4717,2173,,latent dirichlet allocation,39341246,NOT_FOUND,not_available,,No URLs found in abstracts
4718,2174,edhfr,,35835118,NOT_FOUND,not_available,,No URLs found in abstracts
4725,2180,,ziehl-neelsen method was used to prepare 362 slides,40521234,NOT_FOUND,not_available,,No URLs found in abstracts
4729,2184,,genome taxonomy database,35049120,NOT_FOUND,not_available,,No URLs found in abstracts
4730,2185,cut&run,,40013513,NOT_FOUND,not_available,,No URLs found in abstracts
4733,2187,eko-35,efflux knockout-35,36065018,NOT_FOUND,not_available,,No URLs found in abstracts
4738,2191,,ineurons,39636867,NOT_FOUND,not_available,,No URLs found in abstracts
4740,2193,orf50,,40013795,NOT_FOUND,not_available,,No URLs found in abstracts
4742,2195,hiapp,,36638829,NOT_FOUND,not_available,,No URLs found in abstracts
4745,2197,tcga,the cancer genome atlas,39227745,NOT_FOUND,not_available,,No URLs found in abstracts
4748,2200,,cervical cell copy-pasting,38113684,NOT_FOUND,not_available,,No URLs found in abstracts
4756,2207,tcga | cosmic | hpa | depmap,international cancer genome consortium | the cancer genome atlas | cbioportal | human protein atlas | gene expression profiling interactive analysis 2,37540443,NOT_FOUND,not_available,,No URLs found in abstracts
4757,2208,gmp,,39817820,NOT_FOUND,not_available,,No URLs found in abstracts
4760,2211,csap,,37278513,NOT_FOUND,not_available,,No URLs found in abstracts
4762,2213,,kinview | prokino,35525549,NOT_FOUND,not_available,,No URLs found in abstracts
4764,2214,imfp,,37376953,NOT_FOUND,not_available,,No URLs found in abstracts
4765,2215,prrsv,,39310279,NOT_FOUND,not_available,,No URLs found in abstracts
4766,2216,lore,clinvar,39998433,NOT_FOUND,not_available,,No URLs found in abstracts
4770,2220,,som)-based deep reinforcement learning,40473689,NOT_FOUND,not_available,,No URLs found in abstracts
4773,2222,,coral reef arks,40588537,NOT_FOUND,not_available,,No URLs found in abstracts
4774,2223,nue,,37967146,NOT_FOUND,not_available,,No URLs found in abstracts
4778,2227,,tfexplorer,40015273,NOT_FOUND,not_available,,No URLs found in abstracts
4781,2229,,open&savepidlmru,37017258,NOT_FOUND,not_available,,No URLs found in abstracts
4782,2230,moc,,38393600,NOT_FOUND,not_available,,No URLs found in abstracts
4784,2232,bc5cdr,biobert,36755230,NOT_FOUND,not_available,,No URLs found in abstracts
4785,2233,elp,,36526018,NOT_FOUND,not_available,,No URLs found in abstracts
4788,2236,,microbial electrolysis cell,35297316,NOT_FOUND,not_available,,No URLs found in abstracts
4789,2237,,analytic hierarchy process,36575300,NOT_FOUND,not_available,,No URLs found in abstracts
4795,2243,,mcgowan,40245534,NOT_FOUND,not_available,,No URLs found in abstracts
4796,2244,bevs,,40065540,NOT_FOUND,not_available,,No URLs found in abstracts
4797,2245,qsrr,,40393240,NOT_FOUND,not_available,,No URLs found in abstracts
4805,2251,,human cell atlas adipose bionetwork,40360756,NOT_FOUND,not_available,,No URLs found in abstracts
4813,2258,,cell transcriptome atlas,36002881,NOT_FOUND,not_available,,No URLs found in abstracts
4815,2260,pnatdb | pronab,,37117054,NOT_FOUND,not_available,,No URLs found in abstracts
4818,2263,dmrt1,,36330680,NOT_FOUND,not_available,,No URLs found in abstracts
4822,2266,snomed-ct | hpo | lkb,electronic health records | linked knowledge base,39787917,NOT_FOUND,not_available,,No URLs found in abstracts
4823,2267,,thermomutdb | fireprotdb | prothermdb,38084013,NOT_FOUND,not_available,,No URLs found in abstracts
4824,2268,tcm-pcdl,,38428081,NOT_FOUND,not_available,,No URLs found in abstracts
4825,2269,srl,,37772729,NOT_FOUND,not_available,,No URLs found in abstracts
4826,2270,arm | dsp | pid | spi,digital signal processing,35544520,NOT_FOUND,not_available,,No URLs found in abstracts
4828,2271,,topological phonon database,38723072,NOT_FOUND,not_available,,No URLs found in abstracts
4829,2272,rrbs,,37805667,NOT_FOUND,not_available,,No URLs found in abstracts
4830,2273,,tawrky33,37248640,NOT_FOUND,not_available,,No URLs found in abstracts
4833,2276,,global strategy for plant conservation | national cryogenebank facility at icar-nbpgr,39870154,NOT_FOUND,not_available,,No URLs found in abstracts
4834,2277,pfas,,38477530,NOT_FOUND,not_available,,No URLs found in abstracts
4835,2278,lig | μm,,38985448,NOT_FOUND,not_available,,No URLs found in abstracts
4836,2279,$,,34889452,NOT_FOUND,not_available,,No URLs found in abstracts
4844,2287,ald,,37937382,NOT_FOUND,not_available,,No URLs found in abstracts
4849,2292,0.970,,39362938,NOT_FOUND,not_available,,No URLs found in abstracts
4850,2293,$ | g$,thermomutdb,35021190,NOT_FOUND,not_available,,No URLs found in abstracts
4856,2297,ddpcr,,37183971,NOT_FOUND,not_available,,No URLs found in abstracts
4858,2299,hoxabβ,,35758619,NOT_FOUND,not_available,,No URLs found in abstracts
4861,2301,mdt,china gastrointestinal cancer surgery union | china gastrointestinal cancer surgery union platform,38413078,NOT_FOUND,not_available,,No URLs found in abstracts
4862,2302,,brassitol,37659415,NOT_FOUND,not_available,,No URLs found in abstracts
4863,2303,dqn,,36299577,NOT_FOUND,not_available,,No URLs found in abstracts
4865,2305,mybs3,,36578210,NOT_FOUND,not_available,,No URLs found in abstracts
4868,2308,huf | r-cd,,39216206,NOT_FOUND,not_available,,No URLs found in abstracts
4870,2310,esa,,38855791,NOT_FOUND,not_available,,No URLs found in abstracts
4873,2312,moru | easa-,,39576796,NOT_FOUND,not_available,,No URLs found in abstracts
4877,2315,mii,german medical informatics initiative,35612145,NOT_FOUND,not_available,,No URLs found in abstracts
4878,2316,pfgdh,,39118353,NOT_FOUND,not_available,,No URLs found in abstracts
4882,2320,,south american mycorrhizal database,38594221,NOT_FOUND,not_available,,No URLs found in abstracts
4884,2322,pride | jpost | iprox,proteomexchange | peptideatlas | panorama,36529941,NOT_FOUND,not_available,,No URLs found in abstracts
4885,2323,rgc | mea,,40658718,NOT_FOUND,not_available,,No URLs found in abstracts
4886,2324,,maizegdb,38577974,NOT_FOUND,not_available,,No URLs found in abstracts
4887,2325,,human protein atlas,40462185,NOT_FOUND,not_available,,No URLs found in abstracts
4888,2326,mpih,,35972994,NOT_FOUND,not_available,,No URLs found in abstracts
4890,2328,,hvgelp96,37971941,NOT_FOUND,not_available,,No URLs found in abstracts
4893,2331,cdsa,,37922939,NOT_FOUND,not_available,,No URLs found in abstracts
4894,2332,,experimental,38856904,NOT_FOUND,not_available,,No URLs found in abstracts
4897,2335,rca | tmb,,36628764,NOT_FOUND,not_available,,No URLs found in abstracts
4902,2339,vlps,,39840069,NOT_FOUND,not_available,,No URLs found in abstracts
4904,2340,sia,,37841229,NOT_FOUND,not_available,,No URLs found in abstracts
4906,2342,angpt,,40118721,NOT_FOUND,not_available,,No URLs found in abstracts
4910,2346,mup,,35596782,NOT_FOUND,not_available,,No URLs found in abstracts
4913,2348,hgcab,,38922750,NOT_FOUND,not_available,,No URLs found in abstracts
4914,2349,eftra | cdnm,,36596235,NOT_FOUND,not_available,,No URLs found in abstracts
4915,2350,bigg,structrecon | metanetx | pubchem,38758924,NOT_FOUND,not_available,,No URLs found in abstracts
4922,2357,tdms | dobe | dda,,39004851,NOT_FOUND,not_available,,No URLs found in abstracts
4924,2359,,scifinder | china knowledge resource integrated,39922392,NOT_FOUND,not_available,,No URLs found in abstracts
4927,2362,tmb | rca | oxtmb,,36940568,NOT_FOUND,not_available,,No URLs found in abstracts
4937,2369,vg@au,,35892461,NOT_FOUND,not_available,,No URLs found in abstracts
4944,2376,,mirna-125a-5p,39316855,NOT_FOUND,not_available,,No URLs found in abstracts
4946,2378,mcc,,36367858,NOT_FOUND,not_available,,No URLs found in abstracts
4948,2380,hfgt | mbse,,36335143,NOT_FOUND,not_available,,No URLs found in abstracts
4952,2383,,mapreduce,35958380,NOT_FOUND,not_available,,No URLs found in abstracts
4956,2386,tmbb-db | ompdb | tmbbs | lglgyrf,,37432995,NOT_FOUND,not_available,,No URLs found in abstracts
4957,2387,,cpdzyme,38153911,NOT_FOUND,not_available,,No URLs found in abstracts
4958,2388,,annotale,34598657,NOT_FOUND,not_available,,No URLs found in abstracts
4961,2391,dlisc | dlisc-sers,nss@peg@3cooh,40185683,NOT_FOUND,not_available,,No URLs found in abstracts
4967,2396,,metalpdb,36270040,NOT_FOUND,not_available,,No URLs found in abstracts
4969,2398,shprh,,38072328,NOT_FOUND,not_available,,No URLs found in abstracts
4971,2400,avpdb | dbaasp,,40153158,NOT_FOUND,not_available,,No URLs found in abstracts
4976,2405,rrofgd,,38760710,NOT_FOUND,not_available,,No URLs found in abstracts
4977,2406,hmf,,35385607,NOT_FOUND,not_available,,No URLs found in abstracts
4978,2407,dmd,,39186704,NOT_FOUND,not_available,,No URLs found in abstracts
4981,2410,hpv6,,37499306,NOT_FOUND,not_available,,No URLs found in abstracts
4982,2411,intact,,37450164,NOT_FOUND,not_available,,No URLs found in abstracts
4984,2413,n-b,,34894367,NOT_FOUND,not_available,,No URLs found in abstracts
4985,2414,,floraweb,37646947,NOT_FOUND,not_available,,No URLs found in abstracts
4989,2417,,swaveform | human genome diversity project,37024526,NOT_FOUND,not_available,,No URLs found in abstracts
4990,2418,nat | inaat,,36746023,NOT_FOUND,not_available,,No URLs found in abstracts
4991,2419,symplex,,40203090,NOT_FOUND,not_available,,No URLs found in abstracts
4992,2420,ssg,,36402024,NOT_FOUND,not_available,,No URLs found in abstracts
4995,2423,,national institutes of health,39547804,NOT_FOUND,not_available,,No URLs found in abstracts
4998,2426,,steinhardt museum of natural history in tel aviv university holds an interesting collection of orthopterans with a focus on local endemics,39646166,NOT_FOUND,not_available,,No URLs found in abstracts
5002,2430,,97103v2,35746868,NOT_FOUND,not_available,,No URLs found in abstracts
5003,2431,,citespace,36910227,NOT_FOUND,not_available,,No URLs found in abstracts
5004,2432,udg | rs7412,rs429358,38565025,NOT_FOUND,not_available,,No URLs found in abstracts
5005,2433,cpa,,40023203,NOT_FOUND,not_available,,No URLs found in abstracts
5006,2434,rdb,,39646391,NOT_FOUND,not_available,,No URLs found in abstracts
5007,2435,,genome aggregate database,40121539,NOT_FOUND,not_available,,No URLs found in abstracts
5008,2436,muthtp | tmsnp,,35894475,NOT_FOUND,not_available,,No URLs found in abstracts
5012,2440,mcf,,37500408,NOT_FOUND,not_available,,No URLs found in abstracts
5020,2447,djmta,,37779230,NOT_FOUND,not_available,,No URLs found in abstracts
5023,2449,fasmid,ccsbase,40597534,NOT_FOUND,not_available,,No URLs found in abstracts
5028,2454,habcde,bristol university docking engine,37828771,NOT_FOUND,not_available,,No URLs found in abstracts
5030,2456,shap,,39762115,NOT_FOUND,not_available,,No URLs found in abstracts
5031,2457,acmg,mastermind,40417484,NOT_FOUND,not_available,,No URLs found in abstracts
5037,2461,ppgsp-8,,38697424,NOT_FOUND,not_available,,No URLs found in abstracts
5039,2463,,global pharmacopoeia genome database(gpgd,38812215,NOT_FOUND,not_available,,No URLs found in abstracts
5042,2466,mpnet | xlnet,electronic health records | biobert,39631489,NOT_FOUND,not_available,,No URLs found in abstracts
5046,2470,,linkedin,36879020,NOT_FOUND,not_available,,No URLs found in abstracts
5048,2472,pnatdb,protein-nucleic acid thermodynamics database,36272818,NOT_FOUND,not_available,,No URLs found in abstracts
5054,2478,gag,,35306322,NOT_FOUND,not_available,,No URLs found in abstracts
5058,2480,cd-prime,,36715415,NOT_FOUND,not_available,,No URLs found in abstracts
5060,2482,bclov4,,34978789,NOT_FOUND,not_available,,No URLs found in abstracts
5061,2483,,science citation index expanded | citespace,36224012,NOT_FOUND,not_available,,No URLs found in abstracts
5062,2484,,citespace | vosviewer,37960750,NOT_FOUND,not_available,,No URLs found in abstracts
5063,2485,,santa maria supersequence,40008775,NOT_FOUND,not_available,,No URLs found in abstracts
5064,2486,cuaac | spaac,,39795895,NOT_FOUND,not_available,,No URLs found in abstracts
5072,2492,cod,,38813150,NOT_FOUND,not_available,,No URLs found in abstracts
5073,2493,cfps | ncaa,,35569121,NOT_FOUND,not_available,,No URLs found in abstracts
5075,2495,time,,40402455,NOT_FOUND,not_available,,No URLs found in abstracts
5076,2496,bpe,,36109852,NOT_FOUND,not_available,,No URLs found in abstracts
5079,2499,,linkedomicskb | human protein atlas,39812750,NOT_FOUND,not_available,,No URLs found in abstracts
5081,2501,t-dnas,,36896468,NOT_FOUND,not_available,,No URLs found in abstracts
5082,2502,fewrel,,37289767,NOT_FOUND,not_available,,No URLs found in abstracts
5083,2503,,2023machine,37519196,NOT_FOUND,not_available,,No URLs found in abstracts
5085,2504,,ostreopsis and gambierdiscus,37748671,NOT_FOUND,not_available,,No URLs found in abstracts
5087,2505,,endocrine-disrupting chemicals,37748672,NOT_FOUND,not_available,,No URLs found in abstracts
