row_num,best_name,paper_titles,best_name_updated,full_name_updated,confidence,notes
1,QuartataWeb,QuartataWeb: Integrated Chemical-Protein-Pathway Mapping for Polypharmacology and Chemogenomics.,QuartataWeb,QuartataWeb,HIGH,No explicit expansion found in title; using short name for both
2,CausalTAB,CausalTAB: the PSI-MITAB 2.8 updated format for signalling data representation and dissemination.,CausalTAB,CausalTAB,HIGH,No explicit expansion found in title; using short name for both
3,sAOP,sAOP: linking chemical stressors to adverse outcomes pathway networks.,sAOP,sAOP,HIGH,No explicit expansion found in title; using short name for both
4,Global Abortion Policies Database,"Global Abortion Policies Database: a new approach to strengthening knowledge on laws, policies, and human rights standards.",Global Abortion Policies Database,Global Abortion Policies Database,HIGH,No explicit expansion found in title; using short name for both
5,Protein Homeostasis Database,Protein Homeostasis Database: protein quality control in E.coli.,Protein Homeostasis Database,Protein Homeostasis Database,HIGH,No explicit expansion found in title; using short name for both
6,Phosphomatics,Phosphomatics: interactive interrogation of substrate-kinase networks in global phosphoproteomics datasets.,Phosphomatics,Phosphomatics,HIGH,No explicit expansion found in title; using short name for both
7,Disbiome,Disbiome database: linking the microbiome to disease.,Disbiome,Disbiome,HIGH,No explicit expansion found in title; using short name for both
8,Gut Virome Database,The Gut Virome Database Reveals Age-Dependent Patterns of Virome Diversity in the Human Gut.,Gut Virome Database,Gut Virome Database,HIGH,No explicit expansion found in title; using short name for both
9,Phenopolis,Phenopolis: an open platform for harmonization and analysis of genetic and phenotypic data.,Phenopolis,Phenopolis,HIGH,No explicit expansion found in title; using short name for both
10,SoilGrids1km,SoilGrids1km--global soil information based on automated mapping.,SoilGrids1km,SoilGrids1km,HIGH,No explicit expansion found in title; using short name for both
11,Virtual Metabolic Human,The Virtual Metabolic Human database: integrating human and gut microbiome metabolism with nutrition and disease.,Virtual Metabolic Human,Virtual Metabolic Human,HIGH,No explicit expansion found in title; using short name for both
12,MyoSegmenTUM,Thigh muscle segmentation of chemical shift encoding-based water-fat magnetic resonance images: The reference database MyoSegmenTUM.,MyoSegmenTUM,MyoSegmenTUM,HIGH,No explicit expansion found in title; using short name for both
13,DecNef,"The DecNef collection, fMRI data from closed-loop decoded neurofeedback experiments.",DecNef,DecNef,HIGH,No explicit expansion found in title; using short name for both
14,Greengenes,An improved Greengenes taxonomy with explicit ranks for ecological and evolutionary analyses of bacteria and archaea.,Greengenes,Greengenes,HIGH,No explicit expansion found in title; using short name for both
15,BRCA Challenge,BRCA Challenge: BRCA Exchange as a global resource for variants in BRCA1 and BRCA2.,BRCA Challenge,BRCA Challenge,HIGH,No explicit expansion found in title; using short name for both
16,MotifMap,MotifMap: integrative genome-wide maps of regulatory motif sites for model species.,MotifMap,MotifMap,HIGH,No explicit expansion found in title; using short name for both
17,SMAP-HydroBlocks,"SMAP-HydroBlocks, a 30-m satellite-based soil moisture dataset for the conterminous US.",SMAP-HydroBlocks,SMAP-HydroBlocks,HIGH,No explicit expansion found in title; using short name for both
18,ISB Cancer Genomics Cloud,The ISB Cancer Genomics Cloud: A Flexible Cloud-Based Platform for Cancer Genomics Research.,ISB Cancer Genomics Cloud,ISB Cancer Genomics Cloud,HIGH,No explicit expansion found in title; using short name for both
19,GenTree,"GenTree, an integrated resource for analyzing the evolution and function of primate-specific coding genes.",GenTree,GenTree,HIGH,No explicit expansion found in title; using short name for both
20,dBBQs,dBBQs: dataBase of Bacterial Quality scores.,dBBQs,dBBQs,HIGH,No explicit expansion found in title; using short name for both
21,Zebrafish Anatomy Portal,The Zebrafish Anatomy Portal: a novel integrated resource to facilitate zebrafish research.,Zebrafish Anatomy Portal,Zebrafish Anatomy Portal,HIGH,No explicit expansion found in title; using short name for both
22,Epistemonikos,Epistemonikos: a comprehensive database of systematic reviews for health decision-making.,Epistemonikos,Epistemonikos,HIGH,No explicit expansion found in title; using short name for both
23,COVIDome,The COVIDome Explorer researcher portal.,COVIDome,COVIDome,HIGH,No explicit expansion found in title; using short name for both
24,Portal of Juglandaceae,Portal of Juglandaceae: A comprehensive platform for Juglandaceae study.,Portal of Juglandaceae,Portal of Juglandaceae,HIGH,No explicit expansion found in title; using short name for both
25,Tianxia120,Tianxia120: A Multimodal Medical Data Collection Bioinformatic System for Proactive Health Management in Internet of Medical Things.,Tianxia120,Tianxia120,HIGH,No explicit expansion found in title; using short name for both
26,Proteogenomics Viewer,"A tool for integrating genetic and mass spectrometry-based peptide data: Proteogenomics Viewer: PV: A genome browser-like tool, which includes MS data visualization and peptide identification parameters.",Proteogenomics Viewer,Proteogenomics Viewer,HIGH,No explicit expansion found in title; using short name for both
27,Virtual Fly Brain,Virtual Fly Brain - Using OWL to support the mapping and genetic dissection of the &lt;i&gt;Drosophila&lt;/i&gt; brain.,Virtual Fly Brain,Virtual Fly Brain,HIGH,No explicit expansion found in title; using short name for both
28,MycoDiversity DataBase,Fungal metabarcoding data integration framework for the MycoDiversity DataBase (MDDB).,MycoDiversity DataBase,MycoDiversity DataBase,HIGH,No explicit expansion found in title; using short name for both
29,CapriDB,"A database for reproducible manipulation research: CapriDB - Capture, Print, Innovate.",CapriDB,CapriDB,HIGH,No explicit expansion found in title; using short name for both
30,GLOSSary,GLOSSary: the GLobal Ocean 16S subunit web accessible resource.,GLOSSary,GLOSSary,HIGH,No explicit expansion found in title; using short name for both
31,ExAC,The ExAC browser: displaying reference data information from over 60 000 exomes.,ExAC,ExAC,HIGH,No explicit expansion found in title; using short name for both
32,Atlas of Inflammation Resolution,The Atlas of Inflammation Resolution (AIR).,Atlas of Inflammation Resolution,Atlas of Inflammation Resolution,HIGH,No explicit expansion found in title; using short name for both
33,SYNBREED,The SYNBREED chicken diversity panel: a global resource to assess chicken diversity at high genomic resolution.,SYNBREED,SYNBREED,HIGH,No explicit expansion found in title; using short name for both
34,Leukemia gene atlas,Leukemia gene atlas--a public platform for integrative exploration of genome-wide molecular data.,Leukemia gene atlas,Leukemia gene atlas,HIGH,No explicit expansion found in title; using short name for both
35,Transcriptional Pharmacodynamics Workbench,The NCI Transcriptional Pharmacodynamics Workbench: A Tool to Examine Dynamic Expression Profiling of Therapeutic Response in the NCI-60 Cell Line Panel.,Transcriptional Pharmacodynamics Workbench,Transcriptional Pharmacodynamics Workbench,HIGH,No explicit expansion found in title; using short name for both
36,Islet Regulome Browser,The Pancreatic Islet Regulome Browser.,Islet Regulome Browser,Islet Regulome Browser,HIGH,No explicit expansion found in title; using short name for both
37,GMO-Matrix,JRC GMO-Matrix: a web application to support Genetically Modified Organisms detection strategies.,GMO-Matrix,GMO-Matrix,HIGH,No explicit expansion found in title; using short name for both
38,PLOS,The PLOS ONE synthetic biology collection: six years and counting.,PLOS,PLOS,HIGH,No explicit expansion found in title; using short name for both
39,Physiome Model Repository,The Physiome Model Repository 2.,Physiome Model Repository,Physiome Model Repository,HIGH,No explicit expansion found in title; using short name for both
40,Drosophila genome nexus,"The Drosophila genome nexus: a population genomic resource of 623 Drosophila melanogaster genomes, including 197 from a single ancestral range population.",Drosophila genome nexus,Drosophila genome nexus,HIGH,No explicit expansion found in title; using short name for both
41,Rhoton,The Rhoton Collection.,Rhoton,Rhoton,HIGH,No explicit expansion found in title; using short name for both
42,EURL ECVAM,EURL ECVAM Genotoxicity and Carcinogenicity Database of Substances Eliciting Negative Results in the Ames Test: Construction of the Database.,EURL ECVAM,EURL ECVAM,HIGH,No explicit expansion found in title; using short name for both
43,eContour,"Development and Usage of <i>eContour</i>, a Novel, Three-Dimensional, Image-Based Web Site to Facilitate Access to Contouring Guidelines at the Point of Care.",eContour,eContour,HIGH,No explicit expansion found in title; using short name for both
44,Microbiome Search Engine 2,Microbiome Search Engine 2: a Platform for Taxonomic and Functional Search of Global Microbiomes on the Whole-Microbiome Level.,Microbiome Search Engine 2,Microbiome Search Engine 2,HIGH,No explicit expansion found in title; using short name for both
45,org,long-read-tools.org: an interactive catalogue of analysis methods for long-read sequencing data.,org,org,HIGH,No explicit expansion found in title; using short name for both
46,Polish Genetic Database,The Polish Genetic Database of Victims of Totalitarianisms.,Polish Genetic Database,Polish Genetic Database,HIGH,No explicit expansion found in title; using short name for both
47,Human Brain Mapping Project,"The Cuban Human Brain Mapping Project, a young and middle age population-based EEG, MRI, and cognition dataset.",Human Brain Mapping Project,Human Brain Mapping Project,HIGH,No explicit expansion found in title; using short name for both
48,Rice SNP,"Rice SNP-seek database update: new SNPs, indels, and queries.",Rice SNP,Rice SNP,HIGH,No explicit expansion found in title; using short name for both
49,NBDC RDF,NBDC RDF portal: a comprehensive repository for semantic data in life sciences.,NBDC RDF,NBDC RDF,HIGH,No explicit expansion found in title; using short name for both
50,WeReview,WeReview: CRISPR Tools-Live Repository of Computational Tools for Assisting CRISPR/Cas Experiments.,WeReview,WeReview,HIGH,No explicit expansion found in title; using short name for both
51,Proteins API,The Proteins API: accessing key integrated protein and genome information.,Proteins API,Proteins API,HIGH,No explicit expansion found in title; using short name for both
52,The COVID-19 Data Portal,COVID19 Drug Repository: text-mining the literature in search of putative COVID19 therapeutics.,The COVID-19 Data Portal,The COVID-19 Data Portal,HIGH,No explicit expansion found in title; using short name for both
53,qtlXplorer,qtlXplorer: an online systems genetics browser in the Eucalyptus Genome Integrative Explorer (EucGenIE).,qtlXplorer,qtlXplorer,HIGH,No explicit expansion found in title; using short name for both
54,TMalphaDB,TMalphaDB and TMbetaDB: web servers to study the structural role of sequence motifs in α-helix and β-barrel domains of membrane proteins.,TMalphaDB,TMalphaDB,HIGH,No explicit expansion found in title; using short name for both
55,The Lair,The Lair: a resource for exploratory analysis of published RNA-Seq data.,The Lair,The Lair,HIGH,No explicit expansion found in title; using short name for both
56,Plant IsomiR Atlas,"Plant IsomiR Atlas: Large Scale Detection, Profiling, and Target Repertoire of IsomiRs in Plants.",Plant IsomiR Atlas,Plant IsomiR Atlas,HIGH,No explicit expansion found in title; using short name for both
57,Surveyor,An online mapping database of molecular markers of drug resistance in Plasmodium falciparum: the ACT Partner Drug Molecular Surveyor.,Surveyor,Surveyor,HIGH,No explicit expansion found in title; using short name for both
58,IARC,TP53 Variations in Human Cancers: New Lessons from the IARC TP53 Database and Genomics Data.,IARC,IARC,HIGH,No explicit expansion found in title; using short name for both
59,KTCNlncDB,KTCNlncDB-a first platform to investigate lncRNAs expressed in human keratoconus and non-keratoconus corneas.,KTCNlncDB,KTCNlncDB,HIGH,No explicit expansion found in title; using short name for both
60,CFDB,Cystic fibrosis database (CFDB): a new web-based tool for cystic fibrosis specialists.,CFDB,Cystic fibrosis database,HIGH,Expansion found before short name in parentheses
61,PigVar,PigVar: a database of pig variations and positive selection signatures.,PigVar,PigVar,HIGH,No explicit expansion found in title; using short name for both
62,eChickAtlas,eChickAtlas: an introduction to the database.,eChickAtlas,eChickAtlas,HIGH,No explicit expansion found in title; using short name for both
63,SolCyc,SolCyc: a database hub at the Sol Genomics Network (SGN) for the manual curation of metabolic networks in Solanum and Nicotiana specific databases.,SolCyc,SolCyc,HIGH,No explicit expansion found in title; using short name for both
64,SPTEdb,SPTEdb: a database for transposable elements in salicaceous plants.,SPTEdb,SPTEdb,HIGH,No explicit expansion found in title; using short name for both
65,AVPpred,AVPpred: collection and prediction of highly effective antiviral peptides.,AVPpred,AVPpred,HIGH,No explicit expansion found in title; using short name for both
66,AgeGuess,"The AgeGuess database, an open online resource on chronological and perceived ages of people aged 5-100.",AgeGuess,AgeGuess,HIGH,No explicit expansion found in title; using short name for both
67,DISCONTOOLS,"DISCONTOOLS: a database to identify research gaps on vaccines, pharmaceuticals and diagnostics for the control of infectious diseases of animals. | Epidemiology, diagnosis and control of classical swine fever: Recent developments and future challenges.",DISCONTOOLS,DISCONTOOLS,HIGH,No explicit expansion found in title; using short name for both
68,TransAtlasDB,"TransAtlasDB: an integrated database connecting expression data, metadata and variants.",TransAtlasDB,TransAtlasDB,HIGH,No explicit expansion found in title; using short name for both
69,COMPARTMENTS,COMPARTMENTS: unification and visualization of protein subcellular localization evidence.,COMPARTMENTS,COMPARTMENTS,HIGH,No explicit expansion found in title; using short name for both
70,3DBIONOTES,"3DBIONOTES: A unified, enriched and interactive view of macromolecular information.",3DBIONOTES,3DBIONOTES,HIGH,No explicit expansion found in title; using short name for both
71,dbGENVOC,"dbGENVOC: database of GENomic Variants of Oral Cancer, with special reference to India.",dbGENVOC,dbGENVOC,HIGH,No explicit expansion found in title; using short name for both
72,internet brain volume database,The internet brain volume database: a public resource for storage and retrieval of volumetric data.,internet brain volume database,internet brain volume database,HIGH,No explicit expansion found in title; using short name for both
73,SmoCuDa,SmoCuDa: A Validated Smoking Cue Database to Reliably Induce Craving in Tobacco Use Disorder.,SmoCuDa,SmoCuDa,HIGH,No explicit expansion found in title; using short name for both
74,DynBench3D,"DynBench3D, a Web-Resource to Dynamically Generate Benchmark Sets of Large Heteromeric Protein Complexes.",DynBench3D,DynBench3D,HIGH,No explicit expansion found in title; using short name for both
75,Edaphostat,Edaphostat: interactive ecological analysis of soil organism occurrences and preferences from the Edaphobase data warehouse.,Edaphostat,Edaphostat,HIGH,No explicit expansion found in title; using short name for both
76,proteome quality index,A proteome quality index.,proteome quality index,proteome quality index,HIGH,No explicit expansion found in title; using short name for both
77,Coronavir,"A Web-Based Platform on Coronavirus Disease-19 to Maintain Predicted Diagnostic, Drug, and Vaccine Candidates.",Coronavir,Coronavir,HIGH,No explicit expansion found in title; using short name for both
78,Phylesystem,Phylesystem: a git-based data store for community-curated phylogenetic estimates.,Phylesystem,Phylesystem,HIGH,No explicit expansion found in title; using short name for both
79,Vertebrate Genome Annotation,The Vertebrate Genome Annotation browser 10 years on.,Vertebrate Genome Annotation,Vertebrate Genome Annotation,HIGH,No explicit expansion found in title; using short name for both
80,Dundee Resource for Sequence Analysis and Structure Prediction,The Dundee Resource for Sequence Analysis and Structure Prediction.,Dundee Resource for Sequence Analysis and Structure Prediction,Dundee Resource for Sequence Analysis and Structure Prediction,HIGH,No explicit expansion found in title; using short name for both
81,YAAM,YAAM: Yeast Amino Acid Modifications Database.,YAAM,YAAM,HIGH,No explicit expansion found in title; using short name for both
82,Pro,Protein Ontology: a controlled structured network of protein entities.,Pro,Pro,HIGH,No explicit expansion found in title; using short name for both
83,ALMANAC,The National Cancer Institute ALMANAC: A Comprehensive Screening Resource for the Detection of Anticancer Drug Pairs with Enhanced Therapeutic Activity.,ALMANAC,ALMANAC,HIGH,No explicit expansion found in title; using short name for both
84,MSiMass,MSiMass list: a public database of identifications for protein MALDI MS imaging.,MSiMass,MSiMass,HIGH,No explicit expansion found in title; using short name for both
85,Diurnal.plant.tools,Diurnal.plant.tools: Comparative Transcriptomic and Co-expression Analyses of Diurnal Gene Expression of the Archaeplastida Kingdom.,Diurnal.plant.tools,Diurnal.plant.tools,HIGH,No explicit expansion found in title; using short name for both
86,Assembly,Assembly: a resource for assembled genomes at NCBI.,Assembly,Assembly,HIGH,No explicit expansion found in title; using short name for both
87,chernobyl tissue bank,The chernobyl tissue bank - a repository for biomaterial and data used in integrative and systems biology modeling the human response to radiation.,chernobyl tissue bank,chernobyl tissue bank,HIGH,No explicit expansion found in title; using short name for both
88,CoralTBase,Development of a transcriptomic database for 14 species of scleractinian corals.,CoralTBase,CoralTBase,HIGH,No explicit expansion found in title; using short name for both
89,aturalistic neuroimaging database,A naturalistic neuroimaging database for understanding the brain using ecological stimuli.,aturalistic neuroimaging database,aturalistic neuroimaging database,HIGH,No explicit expansion found in title; using short name for both
90,GLAD,GLAD: an Online Database of Gene List Annotation for Drosophila.,GLAD,GLAD,HIGH,No explicit expansion found in title; using short name for both
91,microphysiology systems database,Applications of the microphysiology systems database for experimental ADME-Tox and disease models.,microphysiology systems database,microphysiology systems database,HIGH,No explicit expansion found in title; using short name for both
92,AntiTbPdb,AntiTbPdb: a knowledgebase of anti-tubercular peptides.,AntiTbPdb,AntiTbPdb,HIGH,No explicit expansion found in title; using short name for both
93,Warsaw set of emotional facial expression pictures,Warsaw set of emotional facial expression pictures: a validation study of facial display photographs.,Warsaw set of emotional facial expression pictures,Warsaw set of emotional facial expression pictures,HIGH,No explicit expansion found in title; using short name for both
94,WilsonGen,WilsonGen a comprehensive clinically annotated genomic variant resource for Wilson's Disease.,WilsonGen,WilsonGen,HIGH,No explicit expansion found in title; using short name for both
95,ORGANISMS,The SPECIES and ORGANISMS Resources for Fast and Accurate Identification of Taxonomic Names in Text.,ORGANISMS,ORGANISMS,HIGH,No explicit expansion found in title; using short name for both
96,NEA Thermochemical Database,Fundamentals of the NEA Thermochemical Database and its influence over national nuclear programs on the performance assessment of deep geological repositories.,NEA Thermochemical Database,NEA Thermochemical Database,HIGH,No explicit expansion found in title; using short name for both
97,TeSS,TeSS: a platform for discovering life-science training opportunities.,TeSS,TeSS,HIGH,No explicit expansion found in title; using short name for both
98,Amsterdam Open MRI Collection,"The Amsterdam Open MRI Collection, a set of multimodal MRI datasets for individual difference analyses.",Amsterdam Open MRI Collection,Amsterdam Open MRI Collection,HIGH,No explicit expansion found in title; using short name for both
99,PainNetworks,PainNetworks: a web-based resource for the visualisation of pain-related genes in the context of their network associations. | Comprehensive analysis of long noncoding RNA expression in dorsal root ganglion reveals cell-type specificity and dysregulation after nerve injury.,PainNetworks,PainNetworks,HIGH,No explicit expansion found in title; using short name for both
100,2DMatPedia,"2DMatPedia, an open computational database of two-dimensional materials from top-down and bottom-up approaches.",2DMatPedia,2DMatPedia,HIGH,No explicit expansion found in title; using short name for both
101,HD-RNAS,HD-RNAS: An Automated Hierarchical Database of RNA Structures.,HD-RNAS,HD-RNAS,HIGH,No explicit expansion found in title; using short name for both
102,VarSome,VarSome: the human genomic variant search engine.,VarSome,VarSome,HIGH,No explicit expansion found in title; using short name for both
103,National platform for Rare Diseases Data Registry of Japan,National platform for Rare Diseases Data Registry of Japan.,National platform for Rare Diseases Data Registry of Japan,National platform for Rare Diseases Data Registry of Japan,HIGH,No explicit expansion found in title; using short name for both
104,FADB-China,FADB-China: A molecular-level food adulteration database in China based on molecular fingerprints and similarity algorithms prediction expansion.,FADB-China,FADB-China,HIGH,No explicit expansion found in title; using short name for both
105,duplicated genes database,The duplicated genes database: identification and functional annotation of co-localised duplicated genes across genomes.,duplicated genes database,duplicated genes database,HIGH,No explicit expansion found in title; using short name for both
106,ATCC,The ATCC Genome Portal: Microbial Genome Reference Standards with Data Provenance.,ATCC,ATCC,HIGH,No explicit expansion found in title; using short name for both
107,L1000,"A Next Generation Connectivity Map: L1000 Platform and the First 1,000,000 Profiles.",L1000,L1000,HIGH,No explicit expansion found in title; using short name for both
108,VIS,"VIS - A database on the distribution of fishes in inland and estuarine waters in Flanders, Belgium.",VIS,VIS,HIGH,No explicit expansion found in title; using short name for both
109,PXD000702,A peptide resource for the analysis of Staphylococcus aureus in host-pathogen interaction studies.,PXD000702,PXD000702,HIGH,No explicit expansion found in title; using short name for both
110,of Cross-Linguistic Colexifications,"The Database of Cross-Linguistic Colexifications, reproducible analysis of cross-linguistic polysemies.",of Cross-Linguistic Colexifications,of Cross-Linguistic Colexifications,HIGH,No explicit expansion found in title; using short name for both
111,open targets,Literature evidence in open targets - a target validation platform. | Open Targets Platform: supporting systematic drug-target identification and prioritisation.,open targets,open targets,HIGH,No explicit expansion found in title; using short name for both
112,viral genomes resource,NCBI viral genomes resource.,viral genomes resource,viral genomes resource,HIGH,No explicit expansion found in title; using short name for both
113,Aging Brain Cohort,"The Aging Brain Cohort (ABC) repository: The University of South Carolina's multimodal lifespan database for studying the relationship between the brain, cognition, genetics and behavior in healthy aging.",Aging Brain Cohort,Aging Brain Cohort,HIGH,No explicit expansion found in title; using short name for both
114,RNANet,RNANet: an automatically built dual-source dataset integrating homologous sequences and RNA structures.,RNANet,RNANet,HIGH,No explicit expansion found in title; using short name for both
115,StraPep,StraPep: a structure database of bioactive peptides.,StraPep,StraPep,HIGH,No explicit expansion found in title; using short name for both
116,3dgb,"A low-latency, big database system and browser for storage, querying and visualization of 3D genomic data.",3dgb,3dgb,HIGH,No explicit expansion found in title; using short name for both
117,CommonMind,CommonMind Consortium provides transcriptomic and epigenomic data for Schizophrenia and Bipolar Disorder.,CommonMind,CommonMind,HIGH,No explicit expansion found in title; using short name for both
118,Preselector.uni-jena.de,Preselector.uni-jena.de: optimize your cloning-a resource for identifying restriction enzymes for preselection reactions.,Preselector.uni-jena.de,Preselector.uni-jena.de,HIGH,No explicit expansion found in title; using short name for both
119,mouseTube,<i>mouseTube</i> - a database to collaboratively unravel mouse ultrasonic communication.,mouseTube,mouseTube,HIGH,No explicit expansion found in title; using short name for both
120,Atlases,Multi-modal ultra-high resolution structural 7-Tesla MRI data repository.,Atlases,Atlases,HIGH,No explicit expansion found in title; using short name for both
121,ADDRESS,ADDRESS: A Database of Disease-associated Human Variants Incorporating Protein Structure and Folding Stabilities.,ADDRESS,ADDRESS,HIGH,No explicit expansion found in title; using short name for both
122,World Checklist of Vascular Plants,"The World Checklist of Vascular Plants, a continuously updated resource for exploring global plant diversity.",World Checklist of Vascular Plants,World Checklist of Vascular Plants,HIGH,No explicit expansion found in title; using short name for both
123,EuroGEMS.org,"EuroGEMS.org: Guide and links to online genetic and genomic educational resources, valuable for all levels.",EuroGEMS.org,EuroGEMS.org,HIGH,No explicit expansion found in title; using short name for both
124,RiTE,RiTE database: a resource database for genus-wide rice genomics and evolutionary biology.,RiTE,RiTE,HIGH,No explicit expansion found in title; using short name for both
125,LocusZoom.js,LocusZoom.js: interactive and embeddable visualization of genetic association study results.,LocusZoom.js,LocusZoom.js,HIGH,No explicit expansion found in title; using short name for both
126,Targetvalidation,Linking rare and common disease: mapping clinical disease-phenotypes to ontologies in therapeutic target validation.,Targetvalidation,Targetvalidation,HIGH,No explicit expansion found in title; using short name for both
127,TFome,The Maize TFome--development of a transcription factor open reading frame collection for functional genomics.,TFome,TFome,HIGH,No explicit expansion found in title; using short name for both
128,IMGT,The IMGT/HLA database.,IMGT,IMGT,HIGH,No explicit expansion found in title; using short name for both
129,Disease Map,"COVID19 Disease Map, a computational knowledge repository of virus-host interaction mechanisms.",Disease Map,Disease Map,HIGH,No explicit expansion found in title; using short name for both
130,JWS,The JWS online simulation database.,JWS,JWS,HIGH,No explicit expansion found in title; using short name for both
131,IM,HIM-herbal ingredients in-vivo metabolism database.,IM,IM,HIGH,No explicit expansion found in title; using short name for both
132,Tubulin Mutation Database,"""The Missing Link"": The Tubulin Mutation Database Connects Over 1500 Missense Mutations With Phenotypes Across Eukaryotes.",Tubulin Mutation Database,Tubulin Mutation Database,HIGH,No explicit expansion found in title; using short name for both
133,Integrative Human Microbiome Project,The Integrative Human Microbiome Project: dynamic analysis of microbiome-host omics profiles during periods of human health and disease.,Integrative Human Microbiome Project,Integrative Human Microbiome Project,HIGH,No explicit expansion found in title; using short name for both
134,international laser ranging service,Information resources supporting scientific research for the international laser ranging service.,international laser ranging service,international laser ranging service,HIGH,No explicit expansion found in title; using short name for both
135,The UCSC Interaction Browser,The UCSC Interaction Browser: multidimensional data views in pathway context.,The UCSC Interaction Browser,The UCSC Interaction Browser,HIGH,No explicit expansion found in title; using short name for both
136,RNABP,RNABP COGEST: a resource for investigating functional RNAs.,RNABP,RNABP,HIGH,No explicit expansion found in title; using short name for both
137,MPI bioinformatics Toolkit,The MPI bioinformatics Toolkit as an integrative platform for advanced protein sequence and structure analysis.,MPI bioinformatics Toolkit,MPI bioinformatics Toolkit,HIGH,No explicit expansion found in title; using short name for both
138,JAX Clinical Knowledgebase,Utility of the JAX Clinical Knowledgebase in capture and assessment of complex genomic cancer data.,JAX Clinical Knowledgebase,JAX Clinical Knowledgebase,HIGH,No explicit expansion found in title; using short name for both
139,HuskinDB,"HuskinDB, a database for skin permeation of xenobiotics.",HuskinDB,HuskinDB,HIGH,No explicit expansion found in title; using short name for both
140,Erythrogene,Erythrogene: a database for in-depth analysis of the extensive variation in 36 blood group systems in the 1000 Genomes Project.,Erythrogene,Erythrogene,HIGH,No explicit expansion found in title; using short name for both
141,Genomevolution,SynMap2 and SynMap3D: web-based whole-genome synteny browsers.,Genomevolution,Genomevolution,HIGH,No explicit expansion found in title; using short name for both
142,Actinidia,A gene expression atlas for kiwifruit (Actinidia chinensis) and network analysis of transcription factors.,Actinidia,Actinidia,HIGH,No explicit expansion found in title; using short name for both
143,Cancer Omics Atlas,The Cancer Omics Atlas: an integrative resource for cancer omics annotations.,Cancer Omics Atlas,Cancer Omics Atlas,HIGH,No explicit expansion found in title; using short name for both
144,itSATdb,<i>citSATdb</i>: Genome-Wide Simple Sequence Repeat (SSR) Marker Database of <i>Citrus</i> Species for Germplasm Characterization and Crop Improvement.,itSATdb,itSATdb,HIGH,No explicit expansion found in title; using short name for both
145,Integrating Culture,"Integrating Culture-based Antibiotic Resistance Profiles with Whole-genome Sequencing Data for 11,087 Clinical Isolates.",Integrating Culture,Integrating Culture,HIGH,No explicit expansion found in title; using short name for both
146,The ChIP,The ChIP-Seq tools and web server: a resource for analyzing ChIP-seq and other types of genomic data.,The ChIP,The ChIP,HIGH,No explicit expansion found in title; using short name for both
147,se-atlas,[se-atlas.de-Medical care atlas for people with rare diseases].,se-atlas,se-atlas,HIGH,No explicit expansion found in title; using short name for both
148,RNA (plantcircrna),"At-C-RNA database, a one-stop source for information on circRNAs in Arabidopsis thaliana in a unified format.",RNA (plantcircrna),RNA (plantcircrna),HIGH,No explicit expansion found in title; using short name for both
149,pCRM1exportome,pCRM1exportome: database of predicted CRM1-dependent Nuclear Export Signal (NES) motifs in cancer-related genes.,pCRM1exportome,pCRM1exportome,HIGH,No explicit expansion found in title; using short name for both
150,Humanvariomeproject,Recommendations for genetic variation data capture in developing countries to ensure a comprehensive worldwide data collection.,Humanvariomeproject,Humanvariomeproject,HIGH,No explicit expansion found in title; using short name for both
151,Mouse Brain,Neuroinformatics of the Allen Mouse Brain Connectivity Atlas.,Mouse Brain,Mouse Brain,HIGH,No explicit expansion found in title; using short name for both
152,Genomic Data Commons,Uniform genomic data analysis in the NCI Genomic Data Commons.,Genomic Data Commons,Genomic Data Commons,HIGH,No explicit expansion found in title; using short name for both
153,Construction,Construction of Pará rubber tree genome and multi-transcriptome database accelerates rubber researches.,Construction,Construction,HIGH,No explicit expansion found in title; using short name for both
154,Afromoths,Twenty years for Zootaxa and ten years for Afromoths (Lepidoptera): a taxonomic interaction between the journal and an online relational database.,Afromoths,Afromoths,HIGH,No explicit expansion found in title; using short name for both
155,Medicago,An improved genome release (version Mt4.0) for the model legume Medicago truncatula.,Medicago,Medicago,HIGH,No explicit expansion found in title; using short name for both
156,Archive of Sleep Studies,Montreal Archive of Sleep Studies: an open-access resource for instrument benchmarking and exploratory research.,Archive of Sleep Studies,Archive of Sleep Studies,HIGH,No explicit expansion found in title; using short name for both
157,RANScendence,Inferring transposons activity chronology by TRANScendence - TEs database and de-novo mining tool.,RANScendence,RANScendence,HIGH,No explicit expansion found in title; using short name for both
158,The JAX Synteny Browser,The JAX Synteny Browser for mouse-human comparative genomics.,The JAX Synteny Browser,The JAX Synteny Browser,HIGH,No explicit expansion found in title; using short name for both
159,functional interactome of,Predicted functional interactome of Caenorhabditis elegans and a web tool for the functional interpretation of differentially expressed genes.,functional interactome of,functional interactome of,HIGH,No explicit expansion found in title; using short name for both
160,SARS,A Daily-Updated Database and Tools for Comprehensive SARS-CoV-2 Mutation-Annotated Trees.,SARS,SARS,HIGH,No explicit expansion found in title; using short name for both
161,echinoderm,A nomenclature for echinoderm genes.,echinoderm,echinoderm,HIGH,No explicit expansion found in title; using short name for both
162,Oryza,A database of wild rice germplasm of Oryza rufipogon species complex from different agro-climatic zones of India.,Oryza,Oryza,HIGH,No explicit expansion found in title; using short name for both
163,endogenous RNA,Competing endogenous RNA database.,endogenous RNA,endogenous RNA,HIGH,No explicit expansion found in title; using short name for both
164,eczema,Mapping randomized controlled trials of treatments for eczema--the GREAT database (the Global Resource of EczemA Trials: a collection of key data on randomized controlled trials of treatments for eczema from 2000 to 2010).,eczema,eczema,HIGH,No explicit expansion found in title; using short name for both
165,Transgenic,A Multi-Omic Huntington's Disease Transgenic Sheep-Model Database for Investigating Disease Pathogenesis.,Transgenic,Transgenic,HIGH,No explicit expansion found in title; using short name for both
166,coffee genome hub,The coffee genome hub: a resource for coffee genomes.,coffee genome hub,coffee genome hub,HIGH,No explicit expansion found in title; using short name for both
167,surface protein,A mass spectrometric-derived cell surface protein atlas.,surface protein,surface protein,HIGH,No explicit expansion found in title; using short name for both
168,BLUEPRINT Data Analysis Portal,The BLUEPRINT Data Analysis Portal.,BLUEPRINT Data Analysis Portal,BLUEPRINT Data Analysis Portal,HIGH,No explicit expansion found in title; using short name for both
169,Get the Diagnosis,Get the Diagnosis: an evidence-based medicine collaborative Wiki for diagnostic test accuracy.,Get the Diagnosis,Get the Diagnosis,HIGH,No explicit expansion found in title; using short name for both
170,Project,The IUPHAR Pharmacology Education Project.,Project,Project,HIGH,No explicit expansion found in title; using short name for both
171,SWO,"The Software Ontology (SWO): a resource for reproducibility in biomedical data analysis, curation and digital preservation.",SWO,Software Ontology,HIGH,Expansion found before short name in parentheses
172,Taming-the-beast,Taming the BEAST-A Community Teaching Material Resource for BEAST 2.,Taming-the-beast,Taming-the-beast,HIGH,No explicit expansion found in title; using short name for both
173,Laminin,Laminin-database v.2.0: an update on laminins in health and neuromuscular disorders.,Laminin,Laminin,HIGH,No explicit expansion found in title; using short name for both
174,marmoset,Digital gene atlas of neonate common marmoset brain.,marmoset,marmoset,HIGH,No explicit expansion found in title; using short name for both
175,an open,"Toward an open-access global database for mapping, control, and surveillance of neglected tropical diseases.",an open,an open,HIGH,No explicit expansion found in title; using short name for both
176,GXB (ivf),<b>-</b>A curated transcriptomic dataset collection relevant to embryonic development associated with <i>in vitro</i> fertilization in healthy individuals and patients with polycystic ovary syndrome.,GXB (ivf),GXB (ivf),HIGH,No explicit expansion found in title; using short name for both
177,GXB (monocyte),A compendium of monocyte transcriptome datasets to foster biomedical knowledge discovery. | A curated compendium of monocyte transcriptome datasets of relevance to human monocyte immunobiology research.,GXB (monocyte),GXB (monocyte),HIGH,No explicit expansion found in title; using short name for both
178,RiceLncPedia,RiceLncPedia: a comprehensive database of rice long non-coding RNAs.,RiceLncPedia,RiceLncPedia,HIGH,No explicit expansion found in title; using short name for both
179,DFVF,DFVF: database of fungal virulence factors.,DFVF,DFVF,HIGH,No explicit expansion found in title; using short name for both
180,LinkedImm,LinkedImm: a linked data graph database for integrating immunological data.,LinkedImm,LinkedImm,HIGH,No explicit expansion found in title; using short name for both
181,mHealthApps,mHealthApps: A Repository and Database of Mobile Health Apps.,mHealthApps,mHealthApps,HIGH,No explicit expansion found in title; using short name for both
182,TCLP,"TCLP: an online cancer cell line catalogue integrating HLA type, predicted neo-epitopes, virus and gene expression.",TCLP,TCLP,HIGH,No explicit expansion found in title; using short name for both
183,ExCAPE-DB,ExCAPE-DB: an integrated large scale dataset facilitating Big Data analysis in chemogenomics.,ExCAPE-DB,ExCAPE-DB,HIGH,No explicit expansion found in title; using short name for both
184,Pfr2,"PFR²: a curated database of planktonic foraminifera 18S ribosomal DNA as a resource for studies of plankton ecology, biogeography and evolution.",Pfr2,Pfr2,HIGH,No explicit expansion found in title; using short name for both
185,Cancer PRSweb,Cancer PRSweb: An Online Repository with Polygenic Risk Scores for Major Cancer Traits and Their Evaluation in Two Independent Biobanks.,Cancer PRSweb,Cancer PRSweb,HIGH,No explicit expansion found in title; using short name for both
186,MCIC collection,"The MCIC collection: a shared repository of multi-modal, multi-site brain image data from a clinical investigation of schizophrenia.",MCIC collection,MCIC collection,HIGH,No explicit expansion found in title; using short name for both
187,TrypTag.org,TrypTag.org: A Trypanosome Genome-wide Protein Localisation Resource.,TrypTag.org,TrypTag.org,HIGH,No explicit expansion found in title; using short name for both
188,Fault2SHA,Fault2SHA Central Apennines database and structuring active fault data for seismic hazard assessment.,Fault2SHA,Fault2SHA,HIGH,No explicit expansion found in title; using short name for both
189,PsORF,PsORF: a database of small ORFs in plants.,PsORF,PsORF,HIGH,No explicit expansion found in title; using short name for both
190,LipidBlast,LipidBlast in silico tandem mass spectrometry database for lipid identification.,LipidBlast,LipidBlast,HIGH,No explicit expansion found in title; using short name for both
191,Dark Proteome Database,The Dark Proteome Database.,Dark Proteome Database,Dark Proteome Database,HIGH,No explicit expansion found in title; using short name for both
192,3DCONS-DB,3DCONS-DB: A Database of Position-Specific Scoring Matrices in Protein Structures.,3DCONS-DB,3DCONS-DB,HIGH,No explicit expansion found in title; using short name for both
193,BIOFRAG,BIOFRAG - a new database for analyzing BIOdiversity responses to forest FRAGmentation.,BIOFRAG,BIOFRAG,HIGH,No explicit expansion found in title; using short name for both
194,EMT-Regulome,"EMT-Regulome: a database for EMT-related regulatory interactions, motifs and network.",EMT-Regulome,EMT-Regulome,HIGH,No explicit expansion found in title; using short name for both
195,EUCANEXT,EUCANEXT: an integrated database for the exploration of genomic and transcriptomic data from Eucalyptus species.,EUCANEXT,EUCANEXT,HIGH,No explicit expansion found in title; using short name for both
196,Vascular Model Repository,The Vascular Model Repository: A Public Resource of Medical Imaging Data and Blood Flow Simulation Results.,Vascular Model Repository,Vascular Model Repository,HIGH,No explicit expansion found in title; using short name for both
197,Rhesus Macaque Neurodevelopment Database,The UNC-Wisconsin Rhesus Macaque Neurodevelopment Database: A Structural MRI and DTI Database of Early Postnatal Development.,Rhesus Macaque Neurodevelopment Database,Rhesus Macaque Neurodevelopment Database,HIGH,No explicit expansion found in title; using short name for both
198,Society of Human and Animal Mycology,International Society of Human and Animal Mycology (ISHAM)-ITS reference DNA barcoding database--the quality controlled standard tool for routine identification of human and animal pathogenic fungi.,Society of Human and Animal Mycology,Society of Human and Animal Mycology,HIGH,No explicit expansion found in title; using short name for both
199,Southern Ocean Echinoids database,"Southern Ocean Echinoids database - An updated version of Antarctic, Sub-Antarctic and cold temperate echinoid database.",Southern Ocean Echinoids database,Southern Ocean Echinoids database,HIGH,No explicit expansion found in title; using short name for both
200,SPARC DRC,The SPARC DRC: Building a Resource for the Autonomic Nervous System Community.,SPARC DRC,SPARC DRC,HIGH,No explicit expansion found in title; using short name for both
